aug_filename,origin_filename,origin_split,origin_subtype,origin_subject,origin_env,aug_id,transform_profile,transform_params,warp_factor,scale_factor,noise_snr,crop_offset,splice_boundaries_clean,expected_onset_clean,detected_onset_clean,onset_delta,baseline_noise_ratio,auto_augmented_onset_ok,aug_status,reject_or_pending_reason
E1_S01_A_FALL_SIT_B_T007__aug0_sm_fa.npz,E1_S01_A_FALL_SIT_B_T007.csv,train,FALL_SIT_B,1,1,0,small_fast,scale0.85129_warp0.85834_off0_snr26.76,0.85834,0.85129,26.76,0,100|300,147,143,-4,1.0366,True,use,
E1_S01_A_FALL_SIT_B_T007__aug1_sm_no.npz,E1_S01_A_FALL_SIT_B_T007.csv,train,FALL_SIT_B,1,1,1,small_normal,scale0.81661_warp0.9679_off0_snr31.08,0.9679,0.81661,31.08,0,100|300,165,168,3,1.1611,True,use,
E1_S01_A_FALL_SIT_B_T007__aug2_sm_sl.npz,E1_S01_A_FALL_SIT_B_T007.csv,train,FALL_SIT_B,1,1,2,small_slow,scale0.81825_warp1.27163_off54_snr28.98,1.27163,0.81825,28.98,54,100|300,163,166,3,1.0915,True,use,
E1_S01_A_FALL_SIT_F_T001__aug0_me_fa.npz,E1_S01_A_FALL_SIT_F_T001.csv,train,FALL_SIT_F,1,1,0,medium_fast,scale0.9772_warp0.86767_off0_snr27.7,0.86767,0.9772,27.7,0,100|300,137,,,1.1708,False,pending,rise_not_found
E1_S01_A_FALL_SIT_F_T001__aug2_me_sl.npz,E1_S01_A_FALL_SIT_F_T001.csv,train,FALL_SIT_F,1,1,2,medium_slow,scale1.04716_warp1.13005_off26_snr30.46,1.13005,1.04716,30.46,26,100|300,153,139,-14,1.0865,False,pending,aug_onset_disagree(>10)
E1_S01_A_FALL_SIT_F_T002__aug1_la_no.npz,E1_S01_A_FALL_SIT_F_T002.csv,train,FALL_SIT_F,1,1,1,large_normal,scale1.21837_warp0.99204_off0_snr27.13,0.99204,1.21837,27.13,0,100|300,107,,,1.0666,False,pending,rise_not_found
E1_S01_A_FALL_SIT_F_T003__aug1_sm_no.npz,E1_S01_A_FALL_SIT_F_T003.csv,train,FALL_SIT_F,1,1,1,small_normal,scale0.85421_warp0.96371_off0_snr28.9,0.96371,0.85421,28.9,0,100|300,127,127,0,1.0566,True,use,
E1_S01_A_FALL_SIT_F_T003__aug0_sm_fa.npz,E1_S01_A_FALL_SIT_F_T003.csv,train,FALL_SIT_F,1,1,0,small_fast,scale0.89225_warp0.77378_off0_snr25.18,0.77378,0.89225,25.18,0,100|300,102,104,2,1.0642,True,use,
E1_S01_A_FALL_SIT_F_T001__aug1_me_no.npz,E1_S01_A_FALL_SIT_F_T001.csv,train,FALL_SIT_F,1,1,1,medium_normal,scale1.02054_warp0.99695_off0_snr28.81,0.99695,1.02054,28.81,0,100|300,157,146,-11,1.0563,False,pending,aug_onset_disagree(>5)
E1_S01_A_FALL_SIT_F_T003__aug2_sm_sl.npz,E1_S01_A_FALL_SIT_F_T003.csv,train,FALL_SIT_F,1,1,2,small_slow,scale0.80052_warp1.18563_off37_snr29.89,1.18563,0.80052,29.89,37,100|300,119,171,52,1.0745,False,pending,aug_onset_disagree(>10)
E1_S01_A_FALL_SIT_F_T004__aug1_me_no.npz,E1_S01_A_FALL_SIT_F_T004.csv,train,FALL_SIT_F,1,1,1,medium_normal,scale1.00722_warp0.99305_off0_snr27.94,0.99305,1.00722,27.94,0,100|300,143,103,-40,1.1034,False,pending,aug_onset_disagree(>5)
E1_S01_A_FALL_SIT_F_T004__aug0_me_fa.npz,E1_S01_A_FALL_SIT_F_T004.csv,train,FALL_SIT_F,1,1,0,medium_fast,scale0.96029_warp0.85957_off0_snr27.44,0.85957,0.96029,27.44,0,100|300,123,100,-23,1.1339,False,pending,aug_onset_disagree(>10)
E1_S01_A_FALL_SIT_F_T002__aug2_la_sl.npz,E1_S01_A_FALL_SIT_F_T002.csv,train,FALL_SIT_F,1,1,2,large_slow,scale1.27098_warp1.12703_off25_snr27.02,1.12703,1.27098,27.02,25,100|300,97,,,1.0719,False,pending,rise_not_found
E1_S01_A_FALL_SIT_F_T002__aug0_la_fa.npz,E1_S01_A_FALL_SIT_F_T002.csv,train,FALL_SIT_F,1,1,0,large_fast,scale1.19889_warp0.77779_off0_snr31.88,0.77779,1.19889,31.88,0,100|300,84,113,29,1.0711,False,pending,aug_onset_disagree(>10)
E1_S01_A_FALL_SIT_F_T004__aug2_me_sl.npz,E1_S01_A_FALL_SIT_F_T004.csv,train,FALL_SIT_F,1,1,2,medium_slow,scale0.99607_warp1.21107_off42_snr33.14,1.21107,0.99607,33.14,42,100|300,132,100,-32,1.1678,False,pending,aug_onset_disagree(>10)
E1_S01_A_FALL_SIT_F_T005__aug0_la_fa.npz,E1_S01_A_FALL_SIT_F_T005.csv,train,FALL_SIT_F,1,1,0,large_fast,scale1.13311_warp0.81292_off0_snr33.37,0.81292,1.13311,33.37,0,100|300,101,101,0,1.0641,True,use,
E1_S01_A_FALL_SIT_F_T005__aug2_la_sl.npz,E1_S01_A_FALL_SIT_F_T005.csv,train,FALL_SIT_F,1,1,2,large_slow,scale1.20615_warp1.14912_off29_snr28.22,1.14912,1.20615,28.22,29,100|300,113,109,-4,1.0502,True,use,
E1_S01_A_FALL_SIT_F_T005__aug1_la_no.npz,E1_S01_A_FALL_SIT_F_T005.csv,train,FALL_SIT_F,1,1,1,large_normal,scale1.25983_warp1.02752_off5_snr28.35,1.02752,1.25983,28.35,5,100|300,122,123,1,1.0728,True,use,
E1_S01_A_FALL_SIT_F_T007__aug0_sm_fa.npz,E1_S01_A_FALL_SIT_F_T007.csv,train,FALL_SIT_F,1,1,0,small_fast,scale0.87081_warp0.82791_off0_snr28.99,0.82791,0.87081,28.99,0,100|300,89,,,1.0849,False,pending,rise_not_found
E1_S01_A_FALL_SIT_F_T007__aug1_sm_no.npz,E1_S01_A_FALL_SIT_F_T007.csv,train,FALL_SIT_F,1,1,1,small_normal,scale0.79303_warp1.00522_off1_snr27.68,1.00522,0.79303,27.68,1,100|300,108,,,1.0619,False,pending,rise_not_found
E1_S01_A_FALL_SIT_F_T007__aug2_sm_sl.npz,E1_S01_A_FALL_SIT_F_T007.csv,train,FALL_SIT_F,1,1,2,small_slow,scale0.76437_warp1.15585_off31_snr27.89,1.15585,0.76437,27.89,31,100|300,94,131,37,1.0552,False,pending,aug_onset_disagree(>10)
E1_S01_A_FALL_SIT_F_T008__aug1_me_no.npz,E1_S01_A_FALL_SIT_F_T008.csv,train,FALL_SIT_F,1,1,1,medium_normal,scale1.02862_warp1.00662_off1_snr27.15,1.00662,1.02862,27.15,1,100|300,126,175,49,1.0812,False,pending,aug_onset_disagree(>5)
E1_S01_A_FALL_SIT_F_T010__aug1_la_no.npz,E1_S01_A_FALL_SIT_F_T010.csv,train,FALL_SIT_F,1,1,1,large_normal,scale1.22636_warp0.96046_off0_snr27.84,0.96046,1.22636,27.84,0,100|300,119,120,1,1.0772,True,use,
E1_S01_A_FALL_SIT_F_T008__aug0_me_fa.npz,E1_S01_A_FALL_SIT_F_T008.csv,train,FALL_SIT_F,1,1,0,medium_fast,scale0.95647_warp0.84818_off0_snr27.71,0.84818,0.95647,27.71,0,100|300,107,108,1,1.0787,True,use,
E1_S01_A_FALL_SIT_F_T010__aug2_la_sl.npz,E1_S01_A_FALL_SIT_F_T010.csv,train,FALL_SIT_F,1,1,2,large_slow,scale1.12088_warp1.24437_off48_snr31.1,1.24437,1.12088,31.1,48,100|300,106,105,-1,1.0696,True,use,
E1_S01_A_FALL_SIT_F_T008__aug2_me_sl.npz,E1_S01_A_FALL_SIT_F_T008.csv,train,FALL_SIT_F,1,1,2,medium_slow,scale0.98711_warp1.129_off25_snr31.01,1.129,0.98711,31.01,25,100|300,117,175,58,1.086,False,pending,aug_onset_disagree(>10)
E1_S01_A_FALL_STD_B_T003__aug0_sm_fa.npz,E1_S01_A_FALL_STD_B_T003.csv,train,FALL_STD_B,1,1,0,small_fast,scale0.82524_warp0.81436_off0_snr30.43,0.81436,0.82524,30.43,0,100|300,119,119,0,1.0703,True,use,
E1_S01_A_FALL_STD_B_T003__aug2_sm_sl.npz,E1_S01_A_FALL_STD_B_T003.csv,train,FALL_STD_B,1,1,2,small_slow,scale0.83434_warp1.10704_off21_snr31.31,1.10704,0.83434,31.31,21,100|300,141,143,2,1.0673,True,use,
E1_S01_A_FALL_SIT_F_T010__aug0_la_fa.npz,E1_S01_A_FALL_SIT_F_T010.csv,train,FALL_SIT_F,1,1,0,large_fast,scale1.19719_warp0.79077_off0_snr27.56,0.79077,1.19719,27.56,0,100|300,98,100,2,1.0951,True,use,
E1_S01_A_FALL_STD_B_T003__aug1_sm_no.npz,E1_S01_A_FALL_STD_B_T003.csv,train,FALL_STD_B,1,1,1,small_normal,scale0.84986_warp0.98206_off0_snr26.81,0.98206,0.84986,26.81,0,100|300,144,144,0,1.1039,True,use,
E1_S01_A_FALL_STD_B_T004__aug0_me_fa.npz,E1_S01_A_FALL_STD_B_T004.csv,train,FALL_STD_B,1,1,0,medium_fast,scale1.02081_warp0.78854_off0_snr29.94,0.78854,1.02081,29.94,0,100|300,180,171,-9,1.0845,True,use,
E1_S01_A_FALL_STD_B_T004__aug1_me_no.npz,E1_S01_A_FALL_STD_B_T004.csv,train,FALL_STD_B,1,1,1,medium_normal,scale0.96078_warp1.03213_off6_snr27.14,1.03213,0.96078,27.14,6,100|300,230,229,-1,1.0956,True,use,
E1_S01_A_FALL_STD_B_T007__aug0_la_fa.npz,E1_S01_A_FALL_STD_B_T007.csv,train,FALL_STD_B,1,1,0,large_fast,scale1.28749_warp0.83774_off0_snr30.0,0.83774,1.28749,30.0,0,100|300,121,122,1,1.0626,True,use,
E1_S01_A_FALL_STD_B_T004__aug2_me_sl.npz,E1_S01_A_FALL_STD_B_T004.csv,train,FALL_STD_B,1,1,2,medium_slow,scale0.97027_warp1.25564_off51_snr30.92,1.25564,0.97027,30.92,51,100|300,237,192,-45,1.0598,False,pending,aug_onset_disagree(>10)
E1_S01_A_FALL_STD_B_T007__aug1_la_no.npz,E1_S01_A_FALL_STD_B_T007.csv,train,FALL_STD_B,1,1,1,large_normal,scale1.1936_warp1.04559_off9_snr33.79,1.04559,1.1936,33.79,9,100|300,141,145,4,1.0757,True,use,
E1_S01_A_FALL_STD_B_T007__aug2_la_sl.npz,E1_S01_A_FALL_STD_B_T007.csv,train,FALL_STD_B,1,1,2,large_slow,scale1.26843_warp1.10259_off20_snr30.35,1.10259,1.26843,30.35,20,100|300,139,142,3,1.0731,True,use,
E1_S01_A_FALL_STD_B_T010__aug0_sm_fa.npz,E1_S01_A_FALL_STD_B_T010.csv,train,FALL_STD_B,1,1,0,small_fast,scale0.80203_warp0.85708_off0_snr34.83,0.85708,0.80203,34.83,0,100|300,196,195,-1,1.0675,True,use,
E1_S01_A_FALL_STD_B_T010__aug1_sm_no.npz,E1_S01_A_FALL_STD_B_T010.csv,train,FALL_STD_B,1,1,1,small_normal,scale0.80105_warp0.97568_off0_snr25.51,0.97568,0.80105,25.51,0,100|300,223,223,0,1.0842,True,use,
E1_S01_A_FALL_STD_F_T001__aug0_me_fa.npz,E1_S01_A_FALL_STD_F_T001.csv,train,FALL_STD_F,1,1,0,medium_fast,scale0.99404_warp0.88977_off0_snr25.14,0.88977,0.99404,25.14,0,100|300,183,100,-83,1.0581,False,pending,aug_onset_disagree(>10)
E1_S01_A_FALL_STD_B_T010__aug2_sm_sl.npz,E1_S01_A_FALL_STD_B_T010.csv,train,FALL_STD_B,1,1,2,small_slow,scale0.80786_warp1.12022_off24_snr30.82,1.12022,0.80786,30.82,24,100|300,233,232,-1,1.0641,True,use,
E1_S01_A_FALL_STD_F_T001__aug1_me_no.npz,E1_S01_A_FALL_STD_F_T001.csv,train,FALL_STD_F,1,1,1,medium_normal,scale0.97_warp0.9607_off0_snr29.69,0.9607,0.97,29.69,0,100|300,198,143,-55,1.0718,False,pending,aug_onset_disagree(>5)
E1_S01_A_FALL_STD_F_T001__aug2_me_sl.npz,E1_S01_A_FALL_STD_F_T001.csv,train,FALL_STD_F,1,1,2,medium_slow,scale0.97869_warp1.10496_off20_snr31.67,1.10496,0.97869,31.67,20,100|300,207,106,-101,1.1311,False,pending,aug_onset_disagree(>10)
E1_S01_A_FALL_STD_F_T002__aug0_la_fa.npz,E1_S01_A_FALL_STD_F_T002.csv,train,FALL_STD_F,1,1,0,large_fast,scale1.18374_warp0.86034_off0_snr27.54,0.86034,1.18374,27.54,0,100|300,135,136,1,1.0917,True,use,
E1_S01_A_FALL_STD_F_T002__aug1_la_no.npz,E1_S01_A_FALL_STD_F_T002.csv,train,FALL_STD_F,1,1,1,large_normal,scale1.24491_warp1.03921_off7_snr27.42,1.03921,1.24491,27.42,7,100|300,156,155,-1,1.0526,True,use,
E1_S01_A_FALL_STD_F_T002__aug2_la_sl.npz,E1_S01_A_FALL_STD_F_T002.csv,train,FALL_STD_F,1,1,2,large_slow,scale1.29785_warp1.19949_off39_snr30.35,1.19949,1.29785,30.35,39,100|300,149,155,6,1.0701,True,use,
E1_S01_A_FALL_STD_F_T006__aug0_sm_fa.npz,E1_S01_A_FALL_STD_F_T006.csv,train,FALL_STD_F,1,1,0,small_fast,scale0.7705_warp0.84879_off0_snr29.56,0.84879,0.7705,29.56,0,100|300,136,136,0,1.0705,True,use,
E1_S01_A_FALL_STD_F_T006__aug1_sm_no.npz,E1_S01_A_FALL_STD_F_T006.csv,train,FALL_STD_F,1,1,1,small_normal,scale0.86083_warp0.99576_off0_snr33.34,0.99576,0.86083,33.34,0,100|300,159,164,5,1.1693,True,use,
E1_S01_A_FALL_STD_F_T006__aug2_sm_sl.npz,E1_S01_A_FALL_STD_F_T006.csv,train,FALL_STD_F,1,1,2,small_slow,scale0.77303_warp1.25226_off50_snr29.51,1.25226,0.77303,29.51,50,100|300,150,148,-2,1.0534,True,use,
E1_S01_A_FALL_STD_F_T007__aug1_me_no.npz,E1_S01_A_FALL_STD_F_T007.csv,train,FALL_STD_F,1,1,1,medium_normal,scale0.97086_warp1.03165_off6_snr28.35,1.03165,0.97086,28.35,6,100|300,207,100,-107,1.083,False,pending,aug_onset_disagree(>5)
E1_S01_A_FALL_STD_F_T007__aug0_me_fa.npz,E1_S01_A_FALL_STD_F_T007.csv,train,FALL_STD_F,1,1,0,medium_fast,scale1.02367_warp0.81819_off0_snr31.82,0.81819,1.02367,31.82,0,100|300,169,120,-49,1.1193,False,pending,aug_onset_disagree(>10)
E1_S01_A_FALL_STD_F_T007__aug2_me_sl.npz,E1_S01_A_FALL_STD_F_T007.csv,train,FALL_STD_F,1,1,2,medium_slow,scale1.04713_warp1.19789_off39_snr26.36,1.19789,1.04713,26.36,39,100|300,209,191,-18,1.0996,False,pending,aug_onset_disagree(>10)
E1_S01_A_FALL_STD_F_T010__aug1_la_no.npz,E1_S01_A_FALL_STD_F_T010.csv,train,FALL_STD_F,1,1,1,large_normal,scale1.12532_warp0.99057_off0_snr29.59,0.99057,1.12532,29.59,0,100|300,155,162,7,1.0866,False,pending,aug_onset_disagree(>5)
E1_S01_A_FALL_STD_F_T010__aug0_la_fa.npz,E1_S01_A_FALL_STD_F_T010.csv,train,FALL_STD_F,1,1,0,large_fast,scale1.24894_warp0.83402_off0_snr25.09,0.83402,1.24894,25.09,0,100|300,131,136,5,1.0986,True,use,
E1_S01_A_FALL_STD_F_T010__aug2_la_sl.npz,E1_S01_A_FALL_STD_F_T010.csv,train,FALL_STD_F,1,1,2,large_slow,scale1.28599_warp1.124_off24_snr30.8,1.124,1.28599,30.8,24,100|300,152,154,2,1.0896,True,use,
E2_S02_A_FALL_SIT_B_T003__aug1_sm_no.npz,E2_S02_A_FALL_SIT_B_T003.csv,train,FALL_SIT_B,2,2,1,small_normal,scale0.79497_warp0.95162_off0_snr34.44,0.95162,0.79497,34.44,0,100|300,104,,,1.0799,False,pending,rise_not_found
E2_S02_A_FALL_SIT_B_T003__aug2_sm_sl.npz,E2_S02_A_FALL_SIT_B_T003.csv,train,FALL_SIT_B,2,2,2,small_slow,scale0.75321_warp1.11111_off22_snr32.31,1.11111,0.75321,32.31,22,100|300,99,111,12,1.0726,False,pending,aug_onset_disagree(>10)
E2_S02_A_FALL_SIT_B_T003__aug0_sm_fa.npz,E2_S02_A_FALL_SIT_B_T003.csv,train,FALL_SIT_B,2,2,0,small_fast,scale0.84716_warp0.81015_off0_snr29.6,0.81015,0.84716,29.6,0,100|300,88,100,12,1.0527,False,pending,aug_onset_disagree(>10)
E2_S02_A_FALL_SIT_B_T005__aug2_me_sl.npz,E2_S02_A_FALL_SIT_B_T005.csv,train,FALL_SIT_B,2,2,2,medium_slow,scale1.0328_warp1.22398_off44_snr34.22,1.22398,1.0328,34.22,44,100|300,84,127,43,1.0749,False,pending,aug_onset_disagree(>10)
E2_S02_A_FALL_SIT_B_T005__aug0_me_fa.npz,E2_S02_A_FALL_SIT_B_T005.csv,train,FALL_SIT_B,2,2,0,medium_fast,scale0.97582_warp0.88841_off0_snr32.39,0.88841,0.97582,32.39,0,100|300,93,123,30,1.0806,False,pending,aug_onset_disagree(>10)
E2_S02_A_FALL_SIT_B_T005__aug1_me_no.npz,E2_S02_A_FALL_SIT_B_T005.csv,train,FALL_SIT_B,2,2,1,medium_normal,scale0.96347_warp1.00502_off1_snr31.22,1.00502,0.96347,31.22,1,100|300,105,128,23,1.0739,False,pending,aug_onset_disagree(>5)
E2_S02_A_FALL_SIT_B_T006__aug0_la_fa.npz,E2_S02_A_FALL_SIT_B_T006.csv,train,FALL_SIT_B,2,2,0,large_fast,scale1.14306_warp0.78062_off0_snr33.14,0.78062,1.14306,33.14,0,100|300,79,100,21,1.1471,False,pending,aug_onset_disagree(>10)
E2_S02_A_FALL_SIT_B_T006__aug2_la_sl.npz,E2_S02_A_FALL_SIT_B_T006.csv,train,FALL_SIT_B,2,2,2,large_slow,scale1.26843_warp1.19454_off38_snr31.16,1.19454,1.26843,31.16,38,100|300,82,107,25,1.0739,False,pending,aug_onset_disagree(>10)
E2_S02_A_FALL_SIT_B_T006__aug1_la_no.npz,E2_S02_A_FALL_SIT_B_T006.csv,train,FALL_SIT_B,2,2,1,large_normal,scale1.17371_warp0.99573_off0_snr32.78,0.99573,1.17371,32.78,0,100|300,100,116,16,1.1091,False,pending,aug_onset_disagree(>5)
E2_S02_A_FALL_SIT_B_T007__aug0_sm_fa.npz,E2_S02_A_FALL_SIT_B_T007.csv,train,FALL_SIT_B,2,2,0,small_fast,scale0.77773_warp0.75995_off0_snr31.0,0.75995,0.77773,31.0,0,100|300,83,100,17,1.2875,False,pending,aug_onset_disagree(>10)
E2_S02_A_FALL_SIT_B_T007__aug1_sm_no.npz,E2_S02_A_FALL_SIT_B_T007.csv,train,FALL_SIT_B,2,2,1,small_normal,scale0.75723_warp1.03092_off6_snr25.98,1.03092,0.75723,25.98,6,100|300,106,109,3,1.0678,True,use,
E2_S02_A_FALL_SIT_B_T007__aug2_sm_sl.npz,E2_S02_A_FALL_SIT_B_T007.csv,train,FALL_SIT_B,2,2,2,small_slow,scale0.85453_warp1.19683_off39_snr27.83,1.19683,0.85453,27.83,39,100|300,91,100,9,1.0867,True,use,
E2_S02_A_FALL_SIT_B_T009__aug0_me_fa.npz,E2_S02_A_FALL_SIT_B_T009.csv,train,FALL_SIT_B,2,2,0,medium_fast,scale1.00358_warp0.80038_off0_snr33.59,0.80038,1.00358,33.59,0,100|300,84,,,1.0905,False,pending,rise_not_found
E2_S02_A_FALL_SIT_B_T009__aug2_me_sl.npz,E2_S02_A_FALL_SIT_B_T009.csv,train,FALL_SIT_B,2,2,2,medium_slow,scale1.00189_warp1.18402_off36_snr25.78,1.18402,1.00189,25.78,36,100|300,88,,,1.0746,False,pending,rise_not_found
E2_S02_A_FALL_SIT_F_T005__aug0_la_fa.npz,E2_S02_A_FALL_SIT_F_T005.csv,train,FALL_SIT_F,2,2,0,large_fast,scale1.29931_warp0.88668_off0_snr27.4,0.88668,1.29931,27.4,0,100|300,95,,,1.0569,False,pending,rise_not_found
E2_S02_A_FALL_SIT_B_T009__aug1_me_no.npz,E2_S02_A_FALL_SIT_B_T009.csv,train,FALL_SIT_B,2,2,1,medium_normal,scale0.95529_warp1.03105_off6_snr34.82,1.03105,0.95529,34.82,6,100|300,102,100,-2,1.0937,True,use,
E2_S02_A_FALL_SIT_F_T005__aug1_la_no.npz,E2_S02_A_FALL_SIT_F_T005.csv,train,FALL_SIT_F,2,2,1,large_normal,scale1.14685_warp0.9925_off0_snr31.63,0.9925,1.14685,31.63,0,100|300,106,107,1,1.0678,True,use,
E2_S02_A_FALL_SIT_F_T005__aug2_la_sl.npz,E2_S02_A_FALL_SIT_F_T005.csv,train,FALL_SIT_F,2,2,2,large_slow,scale1.15186_warp1.29771_off59_snr25.51,1.29771,1.15186,25.51,59,100|300,80,163,83,1.0923,False,pending,aug_onset_disagree(>10)
E2_S02_A_FALL_STD_B_T005__aug1_sm_no.npz,E2_S02_A_FALL_STD_B_T005.csv,train,FALL_STD_B,2,2,1,small_normal,scale0.8203_warp1.03439_off6_snr25.14,1.03439,0.8203,25.14,6,100|300,164,162,-2,1.0673,True,use,
E2_S02_A_FALL_STD_B_T005__aug0_sm_fa.npz,E2_S02_A_FALL_STD_B_T005.csv,train,FALL_STD_B,2,2,0,small_fast,scale0.89388_warp0.89796_off0_snr28.38,0.89796,0.89388,28.38,0,100|300,148,147,-1,1.0634,True,use,
E2_S02_A_FALL_STD_B_T005__aug2_sm_sl.npz,E2_S02_A_FALL_STD_B_T005.csv,train,FALL_STD_B,2,2,2,small_slow,scale0.85844_warp1.20256_off40_snr30.01,1.20256,0.85844,30.01,40,100|300,158,159,1,1.0539,True,use,
E2_S02_A_FALL_STD_B_T006__aug0_me_fa.npz,E2_S02_A_FALL_STD_B_T006.csv,train,FALL_STD_B,2,2,0,medium_fast,scale1.00515_warp0.87789_off0_snr26.59,0.87789,1.00515,26.59,0,100|300,92,,,1.0683,False,pending,rise_not_found
E2_S02_A_FALL_STD_B_T006__aug1_me_no.npz,E2_S02_A_FALL_STD_B_T006.csv,train,FALL_STD_B,2,2,1,medium_normal,scale0.95312_warp0.96972_off0_snr32.6,0.96972,0.95312,32.6,0,100|300,102,,,1.1099,False,pending,rise_not_found
E2_S02_A_FALL_STD_B_T006__aug2_me_sl.npz,E2_S02_A_FALL_STD_B_T006.csv,train,FALL_STD_B,2,2,2,medium_slow,scale1.00114_warp1.11818_off23_snr25.93,1.11818,1.00114,25.93,23,100|300,94,140,46,1.0881,False,pending,aug_onset_disagree(>10)
E2_S02_A_FALL_STD_B_T007__aug0_la_fa.npz,E2_S02_A_FALL_STD_B_T007.csv,train,FALL_STD_B,2,2,0,large_fast,scale1.29612_warp0.82795_off0_snr29.9,0.82795,1.29612,29.9,0,100|300,127,128,1,1.0531,True,use,
E2_S02_A_FALL_STD_B_T007__aug1_la_no.npz,E2_S02_A_FALL_STD_B_T007.csv,train,FALL_STD_B,2,2,1,large_normal,scale1.2599_warp1.00718_off1_snr27.37,1.00718,1.2599,27.37,1,100|300,153,153,0,1.0701,True,use,
E2_S02_A_FALL_STD_B_T007__aug2_la_sl.npz,E2_S02_A_FALL_STD_B_T007.csv,train,FALL_STD_B,2,2,2,large_slow,scale1.18217_warp1.20517_off41_snr25.83,1.20517,1.18217,25.83,41,100|300,143,117,-26,1.0612,False,pending,aug_onset_disagree(>10)
E2_S02_A_FALL_STD_B_T008__aug0_sm_fa.npz,E2_S02_A_FALL_STD_B_T008.csv,train,FALL_STD_B,2,2,0,small_fast,scale0.85895_warp0.8037_off0_snr28.32,0.8037,0.85895,28.32,0,100|300,108,109,1,1.0532,True,use,
E2_S02_A_FALL_STD_F_T002__aug1_me_no.npz,E2_S02_A_FALL_STD_F_T002.csv,train,FALL_STD_F,2,2,1,medium_normal,scale1.01955_warp0.97554_off0_snr30.29,0.97554,1.01955,30.29,0,100|300,126,126,0,1.077,True,use,
E2_S02_A_FALL_STD_B_T008__aug2_sm_sl.npz,E2_S02_A_FALL_STD_B_T008.csv,train,FALL_STD_B,2,2,2,small_slow,scale0.87359_warp1.12258_off24_snr26.78,1.12258,0.87359,26.78,24,100|300,128,130,2,1.0417,True,use,
E2_S02_A_FALL_STD_F_T002__aug0_me_fa.npz,E2_S02_A_FALL_STD_F_T002.csv,train,FALL_STD_F,2,2,0,medium_fast,scale1.04898_warp0.83624_off0_snr34.86,0.83624,1.04898,34.86,0,100|300,108,107,-1,1.0945,True,use,
E2_S02_A_FALL_STD_B_T008__aug1_sm_no.npz,E2_S02_A_FALL_STD_B_T008.csv,train,FALL_STD_B,2,2,1,small_normal,scale0.88841_warp1.04784_off9_snr31.2,1.04784,0.88841,31.2,9,100|300,132,139,7,1.0826,False,pending,aug_onset_disagree(>5)
E2_S02_A_FALL_STD_F_T002__aug2_me_sl.npz,E2_S02_A_FALL_STD_F_T002.csv,train,FALL_STD_F,2,2,2,medium_slow,scale0.98522_warp1.22949_off45_snr29.32,1.22949,0.98522,29.32,45,100|300,113,114,1,1.0739,True,use,
E2_S02_A_FALL_STD_F_T003__aug1_la_no.npz,E2_S02_A_FALL_STD_F_T003.csv,train,FALL_STD_F,2,2,1,large_normal,scale1.28555_warp1.03992_off7_snr28.53,1.03992,1.28555,28.53,7,100|300,118,119,1,1.0889,True,use,
E2_S02_A_FALL_STD_F_T003__aug0_la_fa.npz,E2_S02_A_FALL_STD_F_T003.csv,train,FALL_STD_F,2,2,0,large_fast,scale1.11928_warp0.87944_off0_snr32.59,0.87944,1.11928,32.59,0,100|300,105,105,0,1.0666,True,use,
E2_S02_A_FALL_STD_F_T004__aug1_sm_no.npz,E2_S02_A_FALL_STD_F_T004.csv,train,FALL_STD_F,2,2,1,small_normal,scale0.7734_warp1.03993_off7_snr30.65,1.03993,0.7734,30.65,7,100|300,140,168,28,1.0613,False,pending,aug_onset_disagree(>5)
E2_S02_A_FALL_STD_F_T003__aug2_la_sl.npz,E2_S02_A_FALL_STD_F_T003.csv,train,FALL_STD_F,2,2,2,large_slow,scale1.13723_warp1.10915_off21_snr34.02,1.10915,1.13723,34.02,21,100|300,112,112,0,1.0717,True,use,
E2_S02_A_FALL_STD_F_T004__aug0_sm_fa.npz,E2_S02_A_FALL_STD_F_T004.csv,train,FALL_STD_F,2,2,0,small_fast,scale0.76561_warp0.76368_off0_snr26.19,0.76368,0.76561,26.19,0,100|300,108,108,0,1.0739,True,use,
E2_S02_A_FALL_STD_F_T005__aug0_me_fa.npz,E2_S02_A_FALL_STD_F_T005.csv,train,FALL_STD_F,2,2,0,medium_fast,scale0.99433_warp0.79052_off0_snr29.82,0.79052,0.99433,29.82,0,100|300,128,129,1,1.2143,True,use,
E2_S02_A_FALL_STD_F_T004__aug2_sm_sl.npz,E2_S02_A_FALL_STD_F_T004.csv,train,FALL_STD_F,2,2,2,small_slow,scale0.89517_warp1.12374_off24_snr31.56,1.12374,0.89517,31.56,24,100|300,135,166,31,1.0979,False,pending,aug_onset_disagree(>10)
E2_S02_A_FALL_STD_F_T005__aug1_me_no.npz,E2_S02_A_FALL_STD_F_T005.csv,train,FALL_STD_F,2,2,1,medium_normal,scale0.99963_warp0.99797_off0_snr29.38,0.99797,0.99963,29.38,0,100|300,162,119,-43,1.0538,False,pending,aug_onset_disagree(>5)
E2_S02_A_FALL_STD_F_T005__aug2_me_sl.npz,E2_S02_A_FALL_STD_F_T005.csv,train,FALL_STD_F,2,2,2,medium_slow,scale0.99616_warp1.13504_off27_snr26.7,1.13504,0.99616,26.7,27,100|300,157,111,-46,1.0785,False,pending,aug_onset_disagree(>10)
E2_S02_A_FALL_STD_F_T006__aug0_la_fa.npz,E2_S02_A_FALL_STD_F_T006.csv,train,FALL_STD_F,2,2,0,large_fast,scale1.14033_warp0.82169_off0_snr29.87,0.82169,1.14033,29.87,0,100|300,94,100,6,1.0491,True,use,
E2_S02_A_FALL_STD_F_T008__aug0_sm_fa.npz,E2_S02_A_FALL_STD_F_T008.csv,train,FALL_STD_F,2,2,0,small_fast,scale0.82782_warp0.80077_off0_snr27.05,0.80077,0.82782,27.05,0,100|300,110,109,-1,1.1172,True,use,
E2_S02_A_FALL_STD_F_T006__aug1_la_no.npz,E2_S02_A_FALL_STD_F_T006.csv,train,FALL_STD_F,2,2,1,large_normal,scale1.10738_warp1.00458_off0_snr28.91,1.00458,1.10738,28.91,0,100|300,115,117,2,1.0555,True,use,
E2_S02_A_FALL_STD_F_T008__aug1_sm_no.npz,E2_S02_A_FALL_STD_F_T008.csv,train,FALL_STD_F,2,2,1,small_normal,scale0.79126_warp0.9996_off0_snr31.73,0.9996,0.79126,31.73,0,100|300,137,144,7,1.0819,False,pending,aug_onset_disagree(>5)
E2_S02_A_FALL_STD_F_T006__aug2_la_sl.npz,E2_S02_A_FALL_STD_F_T006.csv,train,FALL_STD_F,2,2,2,large_slow,scale1.29441_warp1.14506_off29_snr32.72,1.14506,1.29441,32.72,29,100|300,103,103,0,1.075,True,use,
E2_S02_A_FALL_STD_F_T008__aug2_sm_sl.npz,E2_S02_A_FALL_STD_F_T008.csv,train,FALL_STD_F,2,2,2,small_slow,scale0.87191_warp1.28419_off56_snr31.28,1.28419,0.87191,31.28,56,100|300,120,127,7,1.0635,True,use,
E2_S02_A_FALL_STD_F_T010__aug0_me_fa.npz,E2_S02_A_FALL_STD_F_T010.csv,train,FALL_STD_F,2,2,0,medium_fast,scale1.01205_warp0.82204_off0_snr25.87,0.82204,1.01205,25.87,0,100|300,127,128,1,1.1385,True,use,
E2_S02_A_FALL_STD_F_T010__aug1_me_no.npz,E2_S02_A_FALL_STD_F_T010.csv,train,FALL_STD_F,2,2,1,medium_normal,scale0.96607_warp1.02454_off4_snr34.08,1.02454,0.96607,34.08,4,100|300,154,165,11,1.0949,False,pending,aug_onset_disagree(>5)
E3_S03_A_FALL_SIT_B_T005__aug1_la_no.npz,E3_S03_A_FALL_SIT_B_T005.csv,train,FALL_SIT_B,3,3,1,large_normal,scale1.22544_warp0.99295_off0_snr34.08,0.99295,1.22544,34.08,0,100|300,151,,,1.0706,False,pending,rise_not_found
E3_S03_A_FALL_SIT_B_T005__aug0_la_fa.npz,E3_S03_A_FALL_SIT_B_T005.csv,train,FALL_SIT_B,3,3,0,large_fast,scale1.23341_warp0.804_off0_snr33.85,0.804,1.23341,33.85,0,100|300,122,153,31,1.0713,False,pending,aug_onset_disagree(>10)
E2_S02_A_FALL_STD_F_T010__aug2_me_sl.npz,E2_S02_A_FALL_STD_F_T010.csv,train,FALL_STD_F,2,2,2,medium_slow,scale1.04615_warp1.26785_off53_snr27.45,1.26785,1.04615,27.45,53,100|300,144,144,0,1.0416,True,use,
E3_S03_A_FALL_SIT_B_T007__aug0_sm_fa.npz,E3_S03_A_FALL_SIT_B_T007.csv,train,FALL_SIT_B,3,3,0,small_fast,scale0.79764_warp0.81863_off0_snr29.47,0.81863,0.79764,29.47,0,100|300,113,,,1.0765,False,pending,rise_not_found
E3_S03_A_FALL_SIT_B_T007__aug1_sm_no.npz,E3_S03_A_FALL_SIT_B_T007.csv,train,FALL_SIT_B,3,3,1,small_normal,scale0.78209_warp1.04253_off8_snr30.79,1.04253,0.78209,30.79,8,100|300,136,,,1.0975,False,pending,rise_not_found
E3_S03_A_FALL_SIT_B_T005__aug2_la_sl.npz,E3_S03_A_FALL_SIT_B_T005.csv,train,FALL_SIT_B,3,3,2,large_slow,scale1.24851_warp1.2677_off53_snr28.36,1.2677,1.24851,28.36,53,100|300,140,,,1.0707,False,pending,rise_not_found
E3_S03_A_FALL_SIT_B_T008__aug0_me_fa.npz,E3_S03_A_FALL_SIT_B_T008.csv,train,FALL_SIT_B,3,3,0,medium_fast,scale0.9862_warp0.77683_off0_snr30.57,0.77683,0.9862,30.57,0,100|300,114,129,15,1.0502,False,pending,aug_onset_disagree(>10)
E3_S03_A_FALL_SIT_B_T007__aug2_sm_sl.npz,E3_S03_A_FALL_SIT_B_T007.csv,train,FALL_SIT_B,3,3,2,small_slow,scale0.88997_warp1.25915_off51_snr28.95,1.25915,0.88997,28.95,51,100|300,123,,,1.0516,False,pending,rise_not_found
E3_S03_A_FALL_SIT_B_T008__aug1_me_no.npz,E3_S03_A_FALL_SIT_B_T008.csv,train,FALL_SIT_B,3,3,1,medium_normal,scale1.0008_warp0.98485_off0_snr27.58,0.98485,1.0008,27.58,0,100|300,144,162,18,1.0937,False,pending,aug_onset_disagree(>5)
E3_S03_A_FALL_SIT_B_T008__aug2_me_sl.npz,E3_S03_A_FALL_SIT_B_T008.csv,train,FALL_SIT_B,3,3,2,medium_slow,scale1.04251_warp1.16693_off33_snr33.6,1.16693,1.04251,33.6,33,100|300,138,,,1.0503,False,pending,rise_not_found
E3_S03_A_FALL_SIT_B_T010__aug0_la_fa.npz,E3_S03_A_FALL_SIT_B_T010.csv,train,FALL_SIT_B,3,3,0,large_fast,scale1.10405_warp0.86245_off0_snr33.76,0.86245,1.10405,33.76,0,100|300,113,146,33,1.0488,False,pending,aug_onset_disagree(>10)
E3_S03_A_FALL_SIT_B_T010__aug1_la_no.npz,E3_S03_A_FALL_SIT_B_T010.csv,train,FALL_SIT_B,3,3,1,large_normal,scale1.22236_warp0.96691_off0_snr31.99,0.96691,1.22236,31.99,0,100|300,126,,,1.0905,False,pending,rise_not_found
E3_S03_A_FALL_SIT_B_T010__aug2_la_sl.npz,E3_S03_A_FALL_SIT_B_T010.csv,train,FALL_SIT_B,3,3,2,large_slow,scale1.20618_warp1.28878_off57_snr30.83,1.28878,1.20618,30.83,57,100|300,112,124,12,1.0625,False,pending,aug_onset_disagree(>10)
E3_S03_A_FALL_SIT_F_T002__aug2_sm_sl.npz,E3_S03_A_FALL_SIT_F_T002.csv,train,FALL_SIT_F,3,3,2,small_slow,scale0.84918_warp1.23095_off46_snr33.0,1.23095,0.84918,33.0,46,100|300,204,205,1,1.0683,True,use,
E3_S03_A_FALL_SIT_F_T002__aug1_sm_no.npz,E3_S03_A_FALL_SIT_F_T002.csv,train,FALL_SIT_F,3,3,1,small_normal,scale0.88133_warp1.00701_off1_snr25.64,1.00701,0.88133,25.64,1,100|300,203,200,-3,1.08,True,use,
E3_S03_A_FALL_SIT_F_T002__aug0_sm_fa.npz,E3_S03_A_FALL_SIT_F_T002.csv,train,FALL_SIT_F,3,3,0,small_fast,scale0.77226_warp0.75625_off0_snr28.54,0.75625,0.77226,28.54,0,100|300,153,153,0,1.056,True,use,
E3_S03_A_FALL_SIT_F_T003__aug0_me_fa.npz,E3_S03_A_FALL_SIT_F_T003.csv,train,FALL_SIT_F,3,3,0,medium_fast,scale0.99939_warp0.75649_off0_snr26.79,0.75649,0.99939,26.79,0,100|300,161,146,-15,1.0786,False,pending,aug_onset_disagree(>10)
E3_S03_A_FALL_SIT_F_T003__aug1_me_no.npz,E3_S03_A_FALL_SIT_F_T003.csv,train,FALL_SIT_F,3,3,1,medium_normal,scale1.02089_warp0.99373_off0_snr34.71,0.99373,1.02089,34.71,0,100|300,211,117,-94,1.0712,False,pending,aug_onset_disagree(>5)
E3_S03_A_FALL_SIT_F_T003__aug2_me_sl.npz,E3_S03_A_FALL_SIT_F_T003.csv,train,FALL_SIT_F,3,3,2,medium_slow,scale0.95567_warp1.18398_off36_snr34.15,1.18398,0.95567,34.15,36,100|300,216,,,1.0658,False,pending,rise_not_found
E3_S03_A_FALL_SIT_F_T006__aug0_la_fa.npz,E3_S03_A_FALL_SIT_F_T006.csv,train,FALL_SIT_F,3,3,0,large_fast,scale1.15761_warp0.86118_off0_snr31.83,0.86118,1.15761,31.83,0,100|300,147,149,2,1.0937,True,use,
E3_S03_A_FALL_SIT_F_T006__aug1_la_no.npz,E3_S03_A_FALL_SIT_F_T006.csv,train,FALL_SIT_F,3,3,1,large_normal,scale1.20816_warp0.99588_off0_snr30.7,0.99588,1.20816,30.7,0,100|300,170,170,0,1.1294,True,use,
E3_S03_A_FALL_SIT_F_T006__aug2_la_sl.npz,E3_S03_A_FALL_SIT_F_T006.csv,train,FALL_SIT_F,3,3,2,large_slow,scale1.29691_warp1.28103_off56_snr30.82,1.28103,1.29691,30.82,56,100|300,163,167,4,1.0601,True,use,
E3_S03_A_FALL_SIT_F_T009__aug0_sm_fa.npz,E3_S03_A_FALL_SIT_F_T009.csv,train,FALL_SIT_F,3,3,0,small_fast,scale0.89017_warp0.76907_off0_snr29.95,0.76907,0.89017,29.95,0,100|300,97,100,3,1.0954,True,use,
E3_S03_A_FALL_SIT_F_T009__aug1_sm_no.npz,E3_S03_A_FALL_SIT_F_T009.csv,train,FALL_SIT_F,3,3,1,small_normal,scale0.81574_warp1.00736_off1_snr28.06,1.00736,0.81574,28.06,1,100|300,126,194,68,1.1028,False,pending,aug_onset_disagree(>5)
E3_S03_A_FALL_SIT_F_T009__aug2_sm_sl.npz,E3_S03_A_FALL_SIT_F_T009.csv,train,FALL_SIT_F,3,3,2,small_slow,scale0.77294_warp1.21188_off42_snr27.64,1.21188,0.77294,27.64,42,100|300,111,114,3,1.0564,True,use,
E3_S03_A_FALL_STD_B_T001__aug1_me_no.npz,E3_S03_A_FALL_STD_B_T001.csv,train,FALL_STD_B,3,3,1,medium_normal,scale0.98717_warp0.95344_off0_snr30.12,0.95344,0.98717,30.12,0,100|300,183,139,-44,1.079,False,pending,aug_onset_disagree(>5)
E3_S03_A_FALL_STD_B_T001__aug0_me_fa.npz,E3_S03_A_FALL_STD_B_T001.csv,train,FALL_STD_B,3,3,0,medium_fast,scale0.99577_warp0.85978_off0_snr33.69,0.85978,0.99577,33.69,0,100|300,165,204,39,1.0535,False,pending,aug_onset_disagree(>10)
E3_S03_A_FALL_STD_B_T001__aug2_me_sl.npz,E3_S03_A_FALL_STD_B_T001.csv,train,FALL_STD_B,3,3,2,medium_slow,scale0.99212_warp1.15269_off30_snr27.38,1.15269,0.99212,27.38,30,100|300,191,243,52,1.0445,False,pending,aug_onset_disagree(>10)
E3_S03_A_FALL_STD_B_T002__aug0_la_fa.npz,E3_S03_A_FALL_STD_B_T002.csv,train,FALL_STD_B,3,3,0,large_fast,scale1.29497_warp0.80261_off0_snr30.27,0.80261,1.29497,30.27,0,100|300,136,,,1.0538,False,pending,rise_not_found
E3_S03_A_FALL_STD_B_T002__aug1_la_no.npz,E3_S03_A_FALL_STD_B_T002.csv,train,FALL_STD_B,3,3,1,large_normal,scale1.19061_warp0.96767_off0_snr25.24,0.96767,1.19061,25.24,0,100|300,164,,,1.0543,False,pending,rise_not_found
E3_S03_A_FALL_STD_B_T005__aug0_sm_fa.npz,E3_S03_A_FALL_STD_B_T005.csv,train,FALL_STD_B,3,3,0,small_fast,scale0.80789_warp0.86048_off0_snr29.39,0.86048,0.80789,29.39,0,100|300,90,,,1.0648,False,pending,rise_not_found
E3_S03_A_FALL_STD_B_T002__aug2_la_sl.npz,E3_S03_A_FALL_STD_B_T002.csv,train,FALL_STD_B,3,3,2,large_slow,scale1.15231_warp1.2555_off51_snr34.02,1.2555,1.15231,34.02,51,100|300,162,109,-53,1.0473,False,pending,aug_onset_disagree(>10)
E3_S03_A_FALL_STD_B_T005__aug2_sm_sl.npz,E3_S03_A_FALL_STD_B_T005.csv,train,FALL_STD_B,3,3,2,small_slow,scale0.8933_warp1.21836_off43_snr29.7,1.21836,0.8933,29.7,43,100|300,85,,,1.0601,False,pending,rise_not_found
E3_S03_A_FALL_STD_B_T005__aug1_sm_no.npz,E3_S03_A_FALL_STD_B_T005.csv,train,FALL_STD_B,3,3,1,small_normal,scale0.82284_warp0.96576_off0_snr27.54,0.96576,0.82284,27.54,0,100|300,101,101,0,1.0574,True,use,
E3_S03_A_FALL_STD_B_T010__aug0_me_fa.npz,E3_S03_A_FALL_STD_B_T010.csv,train,FALL_STD_B,3,3,0,medium_fast,scale1.03727_warp0.85602_off0_snr31.34,0.85602,1.03727,31.34,0,100|300,92,122,30,1.1148,False,pending,aug_onset_disagree(>10)
E3_S03_A_FALL_STD_B_T010__aug1_me_no.npz,E3_S03_A_FALL_STD_B_T010.csv,train,FALL_STD_B,3,3,1,medium_normal,scale1.03386_warp0.98709_off0_snr28.34,0.98709,1.03386,28.34,0,100|300,106,145,39,1.0521,False,pending,aug_onset_disagree(>5)
E3_S03_A_FALL_STD_B_T010__aug2_me_sl.npz,E3_S03_A_FALL_STD_B_T010.csv,train,FALL_STD_B,3,3,2,medium_slow,scale0.9814_warp1.12927_off25_snr25.59,1.12927,0.9814,25.59,25,100|300,97,109,12,1.0431,False,pending,aug_onset_disagree(>10)
E3_S03_A_FALL_STD_F_T001__aug0_la_fa.npz,E3_S03_A_FALL_STD_F_T001.csv,train,FALL_STD_F,3,3,0,large_fast,scale1.14448_warp0.88108_off0_snr30.62,0.88108,1.14448,30.62,0,100|300,130,132,2,1.0736,True,use,
E3_S03_A_FALL_STD_F_T001__aug1_la_no.npz,E3_S03_A_FALL_STD_F_T001.csv,train,FALL_STD_F,3,3,1,large_normal,scale1.15574_warp0.99565_off0_snr28.9,0.99565,1.15574,28.9,0,100|300,147,149,2,1.06,True,use,
E3_S03_A_FALL_STD_F_T001__aug2_la_sl.npz,E3_S03_A_FALL_STD_F_T001.csv,train,FALL_STD_F,3,3,2,large_slow,scale1.27443_warp1.26334_off52_snr27.81,1.26334,1.27443,27.81,52,100|300,135,140,5,1.0316,True,use,
E3_S03_A_FALL_STD_F_T006__aug0_sm_fa.npz,E3_S03_A_FALL_STD_F_T006.csv,train,FALL_STD_F,3,3,0,small_fast,scale0.83548_warp0.77038_off0_snr27.1,0.77038,0.83548,27.1,0,100|300,152,182,30,1.0405,False,pending,aug_onset_disagree(>10)
E3_S03_A_FALL_STD_F_T006__aug1_sm_no.npz,E3_S03_A_FALL_STD_F_T006.csv,train,FALL_STD_F,3,3,1,small_normal,scale0.77761_warp0.9827_off0_snr33.96,0.9827,0.77761,33.96,0,100|300,195,158,-37,1.0705,False,pending,aug_onset_disagree(>5)
E4_S01_A_FALL_SIT_B_T001__aug0_me_fa.npz,E4_S01_A_FALL_SIT_B_T001.csv,train,FALL_SIT_B,1,4,0,medium_fast,scale1.00514_warp0.84354_off0_snr33.35,0.84354,1.00514,33.35,0,100|300,88,100,12,1.0601,False,pending,aug_onset_disagree(>10)
E3_S03_A_FALL_STD_F_T006__aug2_sm_sl.npz,E3_S03_A_FALL_STD_F_T006.csv,train,FALL_STD_F,3,3,2,small_slow,scale0.7647_warp1.25887_off51_snr26.85,1.25887,0.7647,26.85,51,100|300,198,180,-18,1.0531,False,pending,aug_onset_disagree(>10)
E4_S01_A_FALL_SIT_B_T001__aug1_me_no.npz,E4_S01_A_FALL_SIT_B_T001.csv,train,FALL_SIT_B,1,4,1,medium_normal,scale0.99764_warp0.96416_off0_snr34.15,0.96416,0.99764,34.15,0,100|300,101,121,20,1.087,False,pending,aug_onset_disagree(>5)
E4_S01_A_FALL_SIT_B_T001__aug2_me_sl.npz,E4_S01_A_FALL_SIT_B_T001.csv,train,FALL_SIT_B,1,4,2,medium_slow,scale1.01486_warp1.21928_off43_snr31.43,1.21928,1.01486,31.43,43,100|300,85,100,15,1.0557,False,pending,aug_onset_disagree(>10)
E4_S01_A_FALL_SIT_B_T002__aug1_la_no.npz,E4_S01_A_FALL_SIT_B_T002.csv,train,FALL_SIT_B,1,4,1,large_normal,scale1.13942_warp1.00283_off0_snr33.65,1.00283,1.13942,33.65,0,100|300,133,171,38,1.0749,False,pending,aug_onset_disagree(>5)
E4_S01_A_FALL_SIT_B_T003__aug0_sm_fa.npz,E4_S01_A_FALL_SIT_B_T003.csv,train,FALL_SIT_B,1,4,0,small_fast,scale0.89631_warp0.85875_off0_snr29.53,0.85875,0.89631,29.53,0,100|300,101,122,21,1.057,False,pending,aug_onset_disagree(>10)
E4_S01_A_FALL_SIT_B_T002__aug2_la_sl.npz,E4_S01_A_FALL_SIT_B_T002.csv,train,FALL_SIT_B,1,4,2,large_slow,scale1.12785_warp1.29329_off58_snr30.59,1.29329,1.12785,30.59,58,100|300,114,162,48,1.0694,False,pending,aug_onset_disagree(>10)
E4_S01_A_FALL_SIT_B_T002__aug0_la_fa.npz,E4_S01_A_FALL_SIT_B_T002.csv,train,FALL_SIT_B,1,4,0,large_fast,scale1.21836_warp0.88595_off0_snr25.67,0.88595,1.21836,25.67,0,100|300,118,119,1,1.0544,True,use,
E4_S01_A_FALL_SIT_B_T003__aug1_sm_no.npz,E4_S01_A_FALL_SIT_B_T003.csv,train,FALL_SIT_B,1,4,1,small_normal,scale0.78585_warp0.95487_off0_snr29.36,0.95487,0.78585,29.36,0,100|300,112,137,25,1.0674,False,pending,aug_onset_disagree(>5)
E4_S01_A_FALL_SIT_B_T003__aug2_sm_sl.npz,E4_S01_A_FALL_SIT_B_T003.csv,train,FALL_SIT_B,1,4,2,small_slow,scale0.85687_warp1.26524_off53_snr27.9,1.26524,0.85687,27.9,53,100|300,96,128,32,1.04,False,pending,aug_onset_disagree(>10)
E4_S01_A_FALL_SIT_B_T004__aug0_me_fa.npz,E4_S01_A_FALL_SIT_B_T004.csv,train,FALL_SIT_B,1,4,0,medium_fast,scale0.96846_warp0.84518_off0_snr26.88,0.84518,0.96846,26.88,0,100|300,90,124,34,1.0611,False,pending,aug_onset_disagree(>10)
E4_S01_A_FALL_SIT_B_T005__aug0_la_fa.npz,E4_S01_A_FALL_SIT_B_T005.csv,train,FALL_SIT_B,1,4,0,large_fast,scale1.2043_warp0.89153_off0_snr25.28,0.89153,1.2043,25.28,0,100|300,103,130,27,1.0599,False,pending,aug_onset_disagree(>10)
E4_S01_A_FALL_SIT_B_T004__aug2_me_sl.npz,E4_S01_A_FALL_SIT_B_T004.csv,train,FALL_SIT_B,1,4,2,medium_slow,scale0.99391_warp1.23929_off47_snr34.77,1.23929,0.99391,34.77,47,100|300,84,135,51,1.0821,False,pending,aug_onset_disagree(>10)
E4_S01_A_FALL_SIT_B_T004__aug1_me_no.npz,E4_S01_A_FALL_SIT_B_T004.csv,train,FALL_SIT_B,1,4,1,medium_normal,scale0.9623_warp0.98548_off0_snr34.41,0.98548,0.9623,34.41,0,100|300,104,104,0,1.0819,True,use,
E4_S01_A_FALL_SIT_B_T005__aug2_la_sl.npz,E4_S01_A_FALL_SIT_B_T005.csv,train,FALL_SIT_B,1,4,2,large_slow,scale1.29781_warp1.24194_off48_snr26.52,1.24194,1.29781,26.52,48,100|300,96,127,31,1.0655,False,pending,aug_onset_disagree(>10)
E4_S01_A_FALL_SIT_B_T006__aug1_sm_no.npz,E4_S01_A_FALL_SIT_B_T006.csv,train,FALL_SIT_B,1,4,1,small_normal,scale0.78388_warp1.04605_off9_snr29.99,1.04605,0.78388,29.99,9,100|300,123,157,34,1.0718,False,pending,aug_onset_disagree(>5)
E4_S01_A_FALL_SIT_B_T005__aug1_la_no.npz,E4_S01_A_FALL_SIT_B_T005.csv,train,FALL_SIT_B,1,4,1,large_normal,scale1.14537_warp1.03968_off7_snr28.09,1.03968,1.14537,28.09,7,100|300,113,153,40,1.0707,False,pending,aug_onset_disagree(>5)
E4_S01_A_FALL_SIT_B_T006__aug2_sm_sl.npz,E4_S01_A_FALL_SIT_B_T006.csv,train,FALL_SIT_B,1,4,2,small_slow,scale0.82651_warp1.24538_off49_snr25.36,1.24538,0.82651,25.36,49,100|300,108,154,46,1.0493,False,pending,aug_onset_disagree(>10)
E4_S01_A_FALL_SIT_B_T006__aug0_sm_fa.npz,E4_S01_A_FALL_SIT_B_T006.csv,train,FALL_SIT_B,1,4,0,small_fast,scale0.7875_warp0.85058_off0_snr29.22,0.85058,0.7875,29.22,0,100|300,107,100,-7,1.0558,True,use,
E4_S01_A_FALL_SIT_B_T007__aug0_me_fa.npz,E4_S01_A_FALL_SIT_B_T007.csv,train,FALL_SIT_B,1,4,0,medium_fast,scale1.02192_warp0.76713_off0_snr32.81,0.76713,1.02192,32.81,0,100|300,109,109,0,1.0852,True,use,
E4_S01_A_FALL_SIT_B_T007__aug2_me_sl.npz,E4_S01_A_FALL_SIT_B_T007.csv,train,FALL_SIT_B,1,4,2,medium_slow,scale0.99517_warp1.14002_off28_snr26.1,1.14002,0.99517,26.1,28,100|300,135,136,1,1.0836,True,use,
E4_S01_A_FALL_SIT_B_T007__aug1_me_no.npz,E4_S01_A_FALL_SIT_B_T007.csv,train,FALL_SIT_B,1,4,1,medium_normal,scale1.04749_warp1.01746_off3_snr31.68,1.01746,1.04749,31.68,3,100|300,142,142,0,1.1048,True,use,
E4_S01_A_FALL_SIT_B_T008__aug1_la_no.npz,E4_S01_A_FALL_SIT_B_T008.csv,train,FALL_SIT_B,1,4,1,large_normal,scale1.19353_warp1.03107_off6_snr33.63,1.03107,1.19353,33.63,6,100|300,145,124,-21,1.0845,False,pending,aug_onset_disagree(>5)
E4_S01_A_FALL_SIT_B_T008__aug0_la_fa.npz,E4_S01_A_FALL_SIT_B_T008.csv,train,FALL_SIT_B,1,4,0,large_fast,scale1.18283_warp0.83499_off0_snr29.96,0.83499,1.18283,29.96,0,100|300,122,129,7,1.0862,True,use,
E4_S01_A_FALL_SIT_B_T008__aug2_la_sl.npz,E4_S01_A_FALL_SIT_B_T008.csv,train,FALL_SIT_B,1,4,2,large_slow,scale1.23144_warp1.19163_off38_snr29.37,1.19163,1.23144,29.37,38,100|300,137,142,5,1.0616,True,use,
E4_S01_A_FALL_SIT_F_T003__aug0_sm_fa.npz,E4_S01_A_FALL_SIT_F_T003.csv,train,FALL_SIT_F,1,4,0,small_fast,scale0.86772_warp0.75212_off0_snr26.88,0.75212,0.86772,26.88,0,100|300,79,124,45,1.1373,False,pending,aug_onset_disagree(>10)
E4_S01_A_FALL_SIT_F_T003__aug1_sm_no.npz,E4_S01_A_FALL_SIT_F_T003.csv,train,FALL_SIT_F,1,4,1,small_normal,scale0.87898_warp1.00948_off1_snr33.47,1.00948,0.87898,33.47,1,100|300,105,107,2,1.0838,True,use,
E4_S01_A_FALL_SIT_F_T003__aug2_sm_sl.npz,E4_S01_A_FALL_SIT_F_T003.csv,train,FALL_SIT_F,1,4,2,small_slow,scale0.88739_warp1.1178_off23_snr29.07,1.1178,0.88739,29.07,23,100|300,94,117,23,1.0939,False,pending,aug_onset_disagree(>10)
E4_S01_A_FALL_SIT_F_T005__aug0_me_fa.npz,E4_S01_A_FALL_SIT_F_T005.csv,train,FALL_SIT_F,1,4,0,medium_fast,scale1.01695_warp0.77152_off0_snr34.84,0.77152,1.01695,34.84,0,100|300,85,114,29,1.0896,False,pending,aug_onset_disagree(>10)
E4_S01_A_FALL_SIT_F_T005__aug1_me_no.npz,E4_S01_A_FALL_SIT_F_T005.csv,train,FALL_SIT_F,1,4,1,medium_normal,scale1.01698_warp0.98034_off0_snr30.9,0.98034,1.01698,30.9,0,100|300,108,101,-7,1.0694,False,pending,aug_onset_disagree(>5)
E4_S01_A_FALL_SIT_F_T006__aug1_la_no.npz,E4_S01_A_FALL_SIT_F_T006.csv,train,FALL_SIT_F,1,4,1,large_normal,scale1.11166_warp0.98549_off0_snr32.77,0.98549,1.11166,32.77,0,100|300,132,127,-5,1.0714,True,use,
E4_S01_A_FALL_SIT_F_T006__aug0_la_fa.npz,E4_S01_A_FALL_SIT_F_T006.csv,train,FALL_SIT_F,1,4,0,large_fast,scale1.14102_warp0.81465_off0_snr26.58,0.81465,1.14102,26.58,0,100|300,109,127,18,1.0656,False,pending,aug_onset_disagree(>10)
E4_S01_A_FALL_SIT_F_T005__aug2_me_sl.npz,E4_S01_A_FALL_SIT_F_T005.csv,train,FALL_SIT_F,1,4,2,medium_slow,scale0.96091_warp1.14261_off28_snr30.3,1.14261,0.96091,30.3,28,100|300,98,142,44,1.0865,False,pending,aug_onset_disagree(>10)
E4_S01_A_FALL_SIT_F_T008__aug0_sm_fa.npz,E4_S01_A_FALL_SIT_F_T008.csv,train,FALL_SIT_F,1,4,0,small_fast,scale0.89_warp0.87039_off0_snr28.55,0.87039,0.89,28.55,0,100|300,127,156,29,1.0576,False,pending,aug_onset_disagree(>10)
E4_S01_A_FALL_SIT_F_T006__aug2_la_sl.npz,E4_S01_A_FALL_SIT_F_T006.csv,train,FALL_SIT_F,1,4,2,large_slow,scale1.24963_warp1.13507_off27_snr26.36,1.13507,1.24963,26.36,27,100|300,125,178,53,1.081,False,pending,aug_onset_disagree(>10)
E4_S01_A_FALL_SIT_F_T008__aug1_sm_no.npz,E4_S01_A_FALL_SIT_F_T008.csv,train,FALL_SIT_F,1,4,1,small_normal,scale0.82772_warp0.96459_off0_snr33.22,0.96459,0.82772,33.22,0,100|300,141,172,31,1.0781,False,pending,aug_onset_disagree(>5)
E4_S01_A_FALL_SIT_F_T008__aug2_sm_sl.npz,E4_S01_A_FALL_SIT_F_T008.csv,train,FALL_SIT_F,1,4,2,small_slow,scale0.81548_warp1.17066_off34_snr30.09,1.17066,0.81548,30.09,34,100|300,137,177,40,1.0713,False,pending,aug_onset_disagree(>10)
E4_S01_A_FALL_SIT_F_T010__aug0_me_fa.npz,E4_S01_A_FALL_SIT_F_T010.csv,train,FALL_SIT_F,1,4,0,medium_fast,scale1.00776_warp0.81738_off0_snr31.46,0.81738,1.00776,31.46,0,100|300,134,125,-9,1.0562,True,use,
E4_S01_A_FALL_SIT_F_T010__aug2_me_sl.npz,E4_S01_A_FALL_SIT_F_T010.csv,train,FALL_SIT_F,1,4,2,medium_slow,scale1.02833_warp1.28839_off57_snr28.64,1.28839,1.02833,28.64,57,100|300,154,100,-54,1.0535,False,pending,aug_onset_disagree(>10)
E4_S01_A_FALL_SIT_F_T010__aug1_me_no.npz,E4_S01_A_FALL_SIT_F_T010.csv,train,FALL_SIT_F,1,4,1,medium_normal,scale0.99708_warp1.041_off8_snr26.55,1.041,0.99708,26.55,8,100|300,163,166,3,1.0688,True,use,
E4_S01_A_FALL_STD_B_T002__aug0_la_fa.npz,E4_S01_A_FALL_STD_B_T002.csv,train,FALL_STD_B,1,4,0,large_fast,scale1.12975_warp0.86339_off0_snr29.75,0.86339,1.12975,29.75,0,100|300,121,129,8,1.081,True,use,
E4_S01_A_FALL_STD_B_T002__aug1_la_no.npz,E4_S01_A_FALL_STD_B_T002.csv,train,FALL_STD_B,1,4,1,large_normal,scale1.22196_warp1.03171_off6_snr29.04,1.03171,1.22196,29.04,6,100|300,138,149,11,1.0483,False,pending,aug_onset_disagree(>5)
E4_S01_A_FALL_STD_B_T006__aug0_sm_fa.npz,E4_S01_A_FALL_STD_B_T006.csv,train,FALL_STD_B,1,4,0,small_fast,scale0.86575_warp0.85177_off0_snr26.54,0.85177,0.86575,26.54,0,100|300,138,128,-10,1.0648,True,use,
E4_S01_A_FALL_STD_B_T002__aug2_la_sl.npz,E4_S01_A_FALL_STD_B_T002.csv,train,FALL_STD_B,1,4,2,large_slow,scale1.21043_warp1.21331_off42_snr31.59,1.21331,1.21043,31.59,42,100|300,128,139,11,1.051,False,pending,aug_onset_disagree(>10)
E4_S01_A_FALL_STD_B_T006__aug1_sm_no.npz,E4_S01_A_FALL_STD_B_T006.csv,train,FALL_STD_B,1,4,1,small_normal,scale0.82792_warp0.97211_off0_snr27.42,0.97211,0.82792,27.42,0,100|300,158,144,-14,1.0655,False,pending,aug_onset_disagree(>5)
E4_S01_A_FALL_STD_B_T006__aug2_sm_sl.npz,E4_S01_A_FALL_STD_B_T006.csv,train,FALL_STD_B,1,4,2,small_slow,scale0.82104_warp1.10373_off20_snr34.05,1.10373,0.82104,34.05,20,100|300,160,160,0,1.0874,True,use,
E4_S01_A_FALL_STD_B_T007__aug0_me_fa.npz,E4_S01_A_FALL_STD_B_T007.csv,train,FALL_STD_B,1,4,0,medium_fast,scale1.01594_warp0.78489_off0_snr26.95,0.78489,1.01594,26.95,0,100|300,99,118,19,1.0629,False,pending,aug_onset_disagree(>10)
E4_S01_A_FALL_STD_B_T007__aug1_me_no.npz,E4_S01_A_FALL_STD_B_T007.csv,train,FALL_STD_B,1,4,1,medium_normal,scale1.04233_warp0.99981_off0_snr32.48,0.99981,1.04233,32.48,0,100|300,127,152,25,1.0929,False,pending,aug_onset_disagree(>5)
E4_S01_A_FALL_STD_B_T007__aug2_me_sl.npz,E4_S01_A_FALL_STD_B_T007.csv,train,FALL_STD_B,1,4,2,medium_slow,scale0.95804_warp1.16963_off33_snr34.31,1.16963,0.95804,34.31,33,100|300,115,100,-15,1.0591,False,pending,aug_onset_disagree(>10)
E4_S01_A_FALL_STD_B_T008__aug0_la_fa.npz,E4_S01_A_FALL_STD_B_T008.csv,train,FALL_STD_B,1,4,0,large_fast,scale1.15202_warp0.86841_off0_snr26.55,0.86841,1.15202,26.55,0,100|300,184,132,-52,1.0466,False,pending,aug_onset_disagree(>10)
E4_S01_A_FALL_STD_B_T008__aug1_la_no.npz,E4_S01_A_FALL_STD_B_T008.csv,train,FALL_STD_B,1,4,1,large_normal,scale1.13091_warp0.96632_off0_snr33.11,0.96632,1.13091,33.11,0,100|300,205,184,-21,1.0537,False,pending,aug_onset_disagree(>5)
E4_S01_A_FALL_STD_B_T008__aug2_la_sl.npz,E4_S01_A_FALL_STD_B_T008.csv,train,FALL_STD_B,1,4,2,large_slow,scale1.27112_warp1.29834_off59_snr25.62,1.29834,1.27112,25.62,59,100|300,216,104,-112,1.0566,False,pending,aug_onset_disagree(>10)
E4_S01_A_FALL_STD_F_T001__aug0_sm_fa.npz,E4_S01_A_FALL_STD_F_T001.csv,train,FALL_STD_F,1,4,0,small_fast,scale0.82936_warp0.85277_off0_snr32.77,0.85277,0.82936,32.77,0,100|300,112,119,7,1.0489,True,use,
E4_S01_A_FALL_STD_F_T001__aug1_sm_no.npz,E4_S01_A_FALL_STD_F_T001.csv,train,FALL_STD_F,1,4,1,small_normal,scale0.78662_warp1.01161_off2_snr27.77,1.01161,0.78662,27.77,2,100|300,131,148,17,1.0682,False,pending,aug_onset_disagree(>5)
E4_S01_A_FALL_STD_F_T001__aug2_sm_sl.npz,E4_S01_A_FALL_STD_F_T001.csv,train,FALL_STD_F,1,4,2,small_slow,scale0.84469_warp1.21702_off43_snr27.81,1.21702,0.84469,27.81,43,100|300,117,114,-3,1.0612,True,use,
E4_S01_A_FALL_STD_F_T002__aug0_me_fa.npz,E4_S01_A_FALL_STD_F_T002.csv,train,FALL_STD_F,1,4,0,medium_fast,scale1.03891_warp0.86655_off0_snr27.52,0.86655,1.03891,27.52,0,100|300,131,121,-10,1.0487,True,use,
E4_S01_A_FALL_STD_F_T002__aug1_me_no.npz,E4_S01_A_FALL_STD_F_T002.csv,train,FALL_STD_F,1,4,1,medium_normal,scale0.99598_warp0.97183_off0_snr29.09,0.97183,0.99598,29.09,0,100|300,146,148,2,1.0541,True,use,
E4_S01_A_FALL_STD_F_T002__aug2_me_sl.npz,E4_S01_A_FALL_STD_F_T002.csv,train,FALL_STD_F,1,4,2,medium_slow,scale1.01925_warp1.2708_off54_snr26.86,1.2708,1.01925,26.86,54,100|300,138,128,-10,1.0655,True,use,
E4_S01_A_FALL_STD_F_T005__aug0_la_fa.npz,E4_S01_A_FALL_STD_F_T005.csv,train,FALL_STD_F,1,4,0,large_fast,scale1.22869_warp0.76185_off0_snr28.52,0.76185,1.22869,28.52,0,100|300,85,100,15,1.1407,False,pending,aug_onset_disagree(>10)
E4_S01_A_FALL_STD_F_T005__aug1_la_no.npz,E4_S01_A_FALL_STD_F_T005.csv,train,FALL_STD_F,1,4,1,large_normal,scale1.19642_warp0.98959_off0_snr34.18,0.98959,1.19642,34.18,0,100|300,111,119,8,1.0868,False,pending,aug_onset_disagree(>5)
E4_S01_A_FALL_STD_F_T005__aug2_la_sl.npz,E4_S01_A_FALL_STD_F_T005.csv,train,FALL_STD_F,1,4,2,large_slow,scale1.28786_warp1.13549_off27_snr26.37,1.13549,1.28786,26.37,27,100|300,100,109,9,1.0709,True,use,
E4_S01_A_FALL_STD_F_T007__aug0_sm_fa.npz,E4_S01_A_FALL_STD_F_T007.csv,train,FALL_STD_F,1,4,0,small_fast,scale0.80327_warp0.83281_off0_snr25.33,0.83281,0.80327,25.33,0,100|300,89,107,18,1.1427,False,pending,aug_onset_disagree(>10)
E4_S01_A_FALL_STD_F_T007__aug1_sm_no.npz,E4_S01_A_FALL_STD_F_T007.csv,train,FALL_STD_F,1,4,1,small_normal,scale0.8165_warp0.98864_off0_snr34.16,0.98864,0.8165,34.16,0,100|300,106,106,0,1.1152,True,use,
E4_S01_A_FALL_STD_F_T007__aug2_sm_sl.npz,E4_S01_A_FALL_STD_F_T007.csv,train,FALL_STD_F,1,4,2,small_slow,scale0.83206_warp1.15507_off31_snr27.06,1.15507,0.83206,27.06,31,100|300,93,118,25,1.0958,False,pending,aug_onset_disagree(>10)
E4_S01_A_FALL_STD_F_T008__aug0_me_fa.npz,E4_S01_A_FALL_STD_F_T008.csv,train,FALL_STD_F,1,4,0,medium_fast,scale0.96851_warp0.88961_off0_snr25.06,0.88961,0.96851,25.06,0,100|300,170,100,-70,1.1914,False,pending,aug_onset_disagree(>10)
E4_S01_A_FALL_STD_F_T008__aug1_me_no.npz,E4_S01_A_FALL_STD_F_T008.csv,train,FALL_STD_F,1,4,1,medium_normal,scale1.0335_warp0.95992_off0_snr29.96,0.95992,1.0335,29.96,0,100|300,184,106,-78,1.1199,False,pending,aug_onset_disagree(>5)
E4_S01_A_FALL_STD_F_T008__aug2_me_sl.npz,E4_S01_A_FALL_STD_F_T008.csv,train,FALL_STD_F,1,4,2,medium_slow,scale0.98962_warp1.20741_off41_snr29.42,1.20741,0.98962,29.42,41,100|300,190,138,-52,1.1631,False,pending,aug_onset_disagree(>10)
E4_S02_A_FALL_SIT_B_T003__aug1_la_no.npz,E4_S02_A_FALL_SIT_B_T003.csv,train,FALL_SIT_B,2,4,1,large_normal,scale1.16216_warp1.01359_off2_snr34.36,1.01359,1.16216,34.36,2,100|300,104,111,7,1.0747,False,pending,aug_onset_disagree(>5)
E4_S02_A_FALL_SIT_B_T003__aug0_la_fa.npz,E4_S02_A_FALL_SIT_B_T003.csv,train,FALL_SIT_B,2,4,0,large_fast,scale1.26182_warp0.77571_off0_snr29.78,0.77571,1.26182,29.78,0,100|300,81,100,19,1.1256,False,pending,aug_onset_disagree(>10)
E4_S02_A_FALL_SIT_B_T003__aug2_la_sl.npz,E4_S02_A_FALL_SIT_B_T003.csv,train,FALL_SIT_B,2,4,2,large_slow,scale1.25703_warp1.13642_off27_snr30.06,1.13642,1.25703,30.06,27,100|300,92,109,17,1.0947,False,pending,aug_onset_disagree(>10)
E4_S02_A_FALL_SIT_B_T004__aug0_sm_fa.npz,E4_S02_A_FALL_SIT_B_T004.csv,train,FALL_SIT_B,2,4,0,small_fast,scale0.76735_warp0.87031_off0_snr34.04,0.87031,0.76735,34.04,0,100|300,196,105,-91,1.2008,False,pending,aug_onset_disagree(>10)
E4_S02_A_FALL_SIT_B_T004__aug1_sm_no.npz,E4_S02_A_FALL_SIT_B_T004.csv,train,FALL_SIT_B,2,4,1,small_normal,scale0.82886_warp1.02373_off4_snr34.75,1.02373,0.82886,34.75,4,100|300,226,100,-126,1.1273,False,pending,aug_onset_disagree(>5)
E4_S02_A_FALL_SIT_B_T004__aug2_sm_sl.npz,E4_S02_A_FALL_SIT_B_T004.csv,train,FALL_SIT_B,2,4,2,small_slow,scale0.88636_warp1.29437_off58_snr25.76,1.29437,0.88636,25.76,58,100|300,233,237,4,1.0928,True,use,
E4_S02_A_FALL_SIT_B_T008__aug0_me_fa.npz,E4_S02_A_FALL_SIT_B_T008.csv,train,FALL_SIT_B,2,4,0,medium_fast,scale1.0175_warp0.86504_off0_snr30.33,0.86504,1.0175,30.33,0,100|300,125,,,1.0946,False,pending,rise_not_found
E4_S02_A_FALL_SIT_B_T008__aug2_me_sl.npz,E4_S02_A_FALL_SIT_B_T008.csv,train,FALL_SIT_B,2,4,2,medium_slow,scale1.01085_warp1.10049_off20_snr32.36,1.10049,1.01085,32.36,20,100|300,138,103,-35,1.0814,False,pending,aug_onset_disagree(>10)
E4_S02_A_FALL_SIT_B_T008__aug1_me_no.npz,E4_S02_A_FALL_SIT_B_T008.csv,train,FALL_SIT_B,2,4,1,medium_normal,scale1.01593_warp1.01426_off2_snr29.78,1.01426,1.01593,29.78,2,100|300,144,111,-33,1.1076,False,pending,aug_onset_disagree(>5)
E4_S02_A_FALL_SIT_B_T009__aug0_la_fa.npz,E4_S02_A_FALL_SIT_B_T009.csv,train,FALL_SIT_B,2,4,0,large_fast,scale1.26845_warp0.89766_off0_snr25.18,0.89766,1.26845,25.18,0,100|300,95,113,18,1.0735,False,pending,aug_onset_disagree(>10)
E4_S02_A_FALL_SIT_B_T009__aug1_la_no.npz,E4_S02_A_FALL_SIT_B_T009.csv,train,FALL_SIT_B,2,4,1,large_normal,scale1.27521_warp0.99562_off0_snr28.9,0.99562,1.27521,28.9,0,100|300,105,107,2,1.0457,True,use,
E4_S02_A_FALL_SIT_F_T002__aug2_sm_sl.npz,E4_S02_A_FALL_SIT_F_T002.csv,train,FALL_SIT_F,2,4,2,small_slow,scale0.81577_warp1.11767_off23_snr29.27,1.11767,0.81577,29.27,23,100|300,101,137,36,1.0493,False,pending,aug_onset_disagree(>10)
E4_S02_A_FALL_SIT_F_T002__aug0_sm_fa.npz,E4_S02_A_FALL_SIT_F_T002.csv,train,FALL_SIT_F,2,4,0,small_fast,scale0.77098_warp0.75893_off0_snr30.19,0.75893,0.77098,30.19,0,100|300,84,104,20,1.0915,False,pending,aug_onset_disagree(>10)
E4_S02_A_FALL_SIT_B_T009__aug2_la_sl.npz,E4_S02_A_FALL_SIT_B_T009.csv,train,FALL_SIT_B,2,4,2,large_slow,scale1.18679_warp1.14523_off29_snr28.54,1.14523,1.18679,28.54,29,100|300,92,138,46,1.0468,False,pending,aug_onset_disagree(>10)
E4_S02_A_FALL_SIT_F_T002__aug1_sm_no.npz,E4_S02_A_FALL_SIT_F_T002.csv,train,FALL_SIT_F,2,4,1,small_normal,scale0.75349_warp1.04362_off8_snr29.17,1.04362,0.75349,29.17,8,100|300,108,111,3,1.0738,True,use,
E4_S02_A_FALL_SIT_F_T003__aug0_me_fa.npz,E4_S02_A_FALL_SIT_F_T003.csv,train,FALL_SIT_F,2,4,0,medium_fast,scale1.02533_warp0.89238_off0_snr29.8,0.89238,1.02533,29.8,0,100|300,116,118,2,1.0695,True,use,
E4_S02_A_FALL_SIT_F_T003__aug2_me_sl.npz,E4_S02_A_FALL_SIT_F_T003.csv,train,FALL_SIT_F,2,4,2,medium_slow,scale0.99168_warp1.24486_off48_snr30.17,1.24486,0.99168,30.17,48,100|300,114,116,2,1.0556,True,use,
E4_S02_A_FALL_SIT_F_T003__aug1_me_no.npz,E4_S02_A_FALL_SIT_F_T003.csv,train,FALL_SIT_F,2,4,1,medium_normal,scale1.01771_warp0.9866_off0_snr30.2,0.9866,1.01771,30.2,0,100|300,128,127,-1,1.1047,True,use,
E4_S02_A_FALL_SIT_F_T004__aug0_la_fa.npz,E4_S02_A_FALL_SIT_F_T004.csv,train,FALL_SIT_F,2,4,0,large_fast,scale1.29621_warp0.78181_off0_snr31.07,0.78181,1.29621,31.07,0,100|300,101,104,3,1.0686,True,use,
E4_S02_A_FALL_SIT_F_T004__aug2_la_sl.npz,E4_S02_A_FALL_SIT_F_T004.csv,train,FALL_SIT_F,2,4,2,large_slow,scale1.17459_warp1.17639_off35_snr32.53,1.17639,1.17459,32.53,35,100|300,117,131,14,1.0517,False,pending,aug_onset_disagree(>10)
E4_S02_A_FALL_SIT_F_T004__aug1_la_no.npz,E4_S02_A_FALL_SIT_F_T004.csv,train,FALL_SIT_F,2,4,1,large_normal,scale1.10488_warp1.04148_off8_snr28.98,1.04148,1.10488,28.98,8,100|300,126,138,12,1.07,False,pending,aug_onset_disagree(>5)
E4_S02_A_FALL_SIT_F_T007__aug0_sm_fa.npz,E4_S02_A_FALL_SIT_F_T007.csv,train,FALL_SIT_F,2,4,0,small_fast,scale0.75041_warp0.77238_off0_snr26.51,0.77238,0.75041,26.51,0,100|300,86,139,53,1.0856,False,pending,aug_onset_disagree(>10)
E4_S02_A_FALL_SIT_F_T007__aug1_sm_no.npz,E4_S02_A_FALL_SIT_F_T007.csv,train,FALL_SIT_F,2,4,1,small_normal,scale0.88688_warp0.96836_off0_snr32.53,0.96836,0.88688,32.53,0,100|300,108,113,5,1.0933,True,use,
E4_S02_A_FALL_SIT_F_T009__aug0_me_fa.npz,E4_S02_A_FALL_SIT_F_T009.csv,train,FALL_SIT_F,2,4,0,medium_fast,scale1.03651_warp0.8016_off0_snr26.44,0.8016,1.03651,26.44,0,100|300,110,105,-5,1.0761,True,use,
E4_S02_A_FALL_SIT_F_T007__aug2_sm_sl.npz,E4_S02_A_FALL_SIT_F_T007.csv,train,FALL_SIT_F,2,4,2,small_slow,scale0.8154_warp1.24236_off48_snr26.52,1.24236,0.8154,26.52,48,100|300,91,100,9,1.0786,True,use,
E4_S02_A_FALL_SIT_F_T009__aug1_me_no.npz,E4_S02_A_FALL_SIT_F_T009.csv,train,FALL_SIT_F,2,4,1,medium_normal,scale0.96314_warp1.04188_off8_snr31.39,1.04188,0.96314,31.39,8,100|300,134,169,35,1.0707,False,pending,aug_onset_disagree(>5)
E4_S02_A_FALL_SIT_F_T009__aug2_me_sl.npz,E4_S02_A_FALL_SIT_F_T009.csv,train,FALL_SIT_F,2,4,2,medium_slow,scale1.00135_warp1.13598_off27_snr26.8,1.13598,1.00135,26.8,27,100|300,129,244,115,1.0497,False,pending,aug_onset_disagree(>10)
E4_S02_A_FALL_STD_B_T001__aug1_la_no.npz,E4_S02_A_FALL_STD_B_T001.csv,train,FALL_STD_B,2,4,1,large_normal,scale1.23859_warp1.00842_off1_snr30.67,1.00842,1.23859,30.67,1,100|300,163,103,-60,1.1997,False,pending,aug_onset_disagree(>5)
E4_S02_A_FALL_STD_B_T001__aug0_la_fa.npz,E4_S02_A_FALL_STD_B_T001.csv,train,FALL_STD_B,2,4,0,large_fast,scale1.17146_warp0.7521_off0_snr28.98,0.7521,1.17146,28.98,0,100|300,122,125,3,1.149,True,use,
E4_S02_A_FALL_STD_B_T001__aug2_la_sl.npz,E4_S02_A_FALL_STD_B_T001.csv,train,FALL_STD_B,2,4,2,large_slow,scale1.16164_warp1.12055_off24_snr28.08,1.12055,1.16164,28.08,24,100|300,159,162,3,1.1321,True,use,
E4_S02_A_FALL_STD_B_T002__aug0_sm_fa.npz,E4_S02_A_FALL_STD_B_T002.csv,train,FALL_STD_B,2,4,0,small_fast,scale0.75628_warp0.86995_off0_snr29.73,0.86995,0.75628,29.73,0,100|300,154,155,1,1.0684,True,use,
E4_S02_A_FALL_STD_B_T002__aug1_sm_no.npz,E4_S02_A_FALL_STD_B_T002.csv,train,FALL_STD_B,2,4,1,small_normal,scale0.87178_warp0.99657_off0_snr25.64,0.99657,0.87178,25.64,0,100|300,177,152,-25,1.0809,False,pending,aug_onset_disagree(>5)
E4_S02_A_FALL_STD_B_T002__aug2_sm_sl.npz,E4_S02_A_FALL_STD_B_T002.csv,train,FALL_STD_B,2,4,2,small_slow,scale0.88984_warp1.25974_off51_snr28.72,1.25974,0.88984,28.72,51,100|300,173,238,65,1.0736,False,pending,aug_onset_disagree(>10)
E4_S02_A_FALL_STD_B_T003__aug0_me_fa.npz,E4_S02_A_FALL_STD_B_T003.csv,train,FALL_STD_B,2,4,0,medium_fast,scale1.01859_warp0.89488_off0_snr27.86,0.89488,1.01859,27.86,0,100|300,130,147,17,1.0674,False,pending,aug_onset_disagree(>10)
E4_S02_A_FALL_STD_B_T003__aug1_me_no.npz,E4_S02_A_FALL_STD_B_T003.csv,train,FALL_STD_B,2,4,1,medium_normal,scale0.97511_warp0.99479_off0_snr34.37,0.99479,0.97511,34.37,0,100|300,145,227,82,1.1348,False,pending,aug_onset_disagree(>5)
E4_S02_A_FALL_STD_B_T004__aug0_la_fa.npz,E4_S02_A_FALL_STD_B_T004.csv,train,FALL_STD_B,2,4,0,large_fast,scale1.16162_warp0.89038_off0_snr28.72,0.89038,1.16162,28.72,0,100|300,115,150,35,1.0605,False,pending,aug_onset_disagree(>10)
E4_S02_A_FALL_STD_B_T004__aug1_la_no.npz,E4_S02_A_FALL_STD_B_T004.csv,train,FALL_STD_B,2,4,1,large_normal,scale1.11708_warp0.96984_off0_snr27.3,0.96984,1.11708,27.3,0,100|300,125,163,38,1.0887,False,pending,aug_onset_disagree(>5)
E4_S02_A_FALL_STD_B_T003__aug2_me_sl.npz,E4_S02_A_FALL_STD_B_T003.csv,train,FALL_STD_B,2,4,2,medium_slow,scale0.95724_warp1.15349_off30_snr34.14,1.15349,0.95724,34.14,30,100|300,138,233,95,1.0767,False,pending,aug_onset_disagree(>10)
E4_S02_A_FALL_STD_B_T006__aug0_sm_fa.npz,E4_S02_A_FALL_STD_B_T006.csv,train,FALL_STD_B,2,4,0,small_fast,scale0.76005_warp0.88007_off0_snr33.42,0.88007,0.76005,33.42,0,100|300,100,105,5,1.0574,True,use,
E4_S02_A_FALL_STD_B_T004__aug2_la_sl.npz,E4_S02_A_FALL_STD_B_T004.csv,train,FALL_STD_B,2,4,2,large_slow,scale1.1544_warp1.1199_off23_snr32.86,1.1199,1.1544,32.86,23,100|300,121,117,-4,1.0669,True,use,
E4_S02_A_FALL_STD_B_T006__aug1_sm_no.npz,E4_S02_A_FALL_STD_B_T006.csv,train,FALL_STD_B,2,4,1,small_normal,scale0.78409_warp0.9614_off0_snr26.35,0.9614,0.78409,26.35,0,100|300,109,114,5,1.0593,True,use,
E4_S02_A_FALL_STD_B_T006__aug2_sm_sl.npz,E4_S02_A_FALL_STD_B_T006.csv,train,FALL_STD_B,2,4,2,small_slow,scale0.7648_warp1.22782_off45_snr26.6,1.22782,0.7648,26.6,45,100|300,95,117,22,1.0749,False,pending,aug_onset_disagree(>10)
E4_S02_A_FALL_STD_B_T007__aug0_me_fa.npz,E4_S02_A_FALL_STD_B_T007.csv,train,FALL_STD_B,2,4,0,medium_fast,scale1.01538_warp0.75874_off0_snr25.07,0.75874,1.01538,25.07,0,100|300,76,221,145,1.1205,False,pending,aug_onset_disagree(>10)
E4_S02_A_FALL_STD_B_T007__aug1_me_no.npz,E4_S02_A_FALL_STD_B_T007.csv,train,FALL_STD_B,2,4,1,medium_normal,scale1.02397_warp1.04443_off8_snr33.0,1.04443,1.02397,33.0,8,100|300,97,100,3,1.1581,True,use,
E4_S02_A_FALL_STD_B_T009__aug0_la_fa.npz,E4_S02_A_FALL_STD_B_T009.csv,train,FALL_STD_B,2,4,0,large_fast,scale1.10685_warp0.82981_off0_snr25.12,0.82981,1.10685,25.12,0,100|300,94,100,6,1.2135,True,use,
E4_S02_A_FALL_STD_B_T009__aug1_la_no.npz,E4_S02_A_FALL_STD_B_T009.csv,train,FALL_STD_B,2,4,1,large_normal,scale1.28723_warp0.97647_off0_snr29.42,0.97647,1.28723,29.42,0,100|300,111,100,-11,1.0803,False,pending,aug_onset_disagree(>5)
E4_S02_A_FALL_STD_B_T007__aug2_me_sl.npz,E4_S02_A_FALL_STD_B_T007.csv,train,FALL_STD_B,2,4,2,medium_slow,scale0.95946_warp1.20852_off41_snr26.67,1.20852,0.95946,26.67,41,100|300,81,104,23,1.1633,False,pending,aug_onset_disagree(>10)
E4_S02_A_FALL_STD_B_T009__aug2_la_sl.npz,E4_S02_A_FALL_STD_B_T009.csv,train,FALL_STD_B,2,4,2,large_slow,scale1.12519_warp1.19433_off38_snr29.23,1.19433,1.12519,29.23,38,100|300,98,100,2,1.1391,True,use,
E4_S02_A_FALL_STD_B_T010__aug0_sm_fa.npz,E4_S02_A_FALL_STD_B_T010.csv,train,FALL_STD_B,2,4,0,small_fast,scale0.76367_warp0.76004_off0_snr30.29,0.76004,0.76367,30.29,0,100|300,83,167,84,1.0739,False,pending,aug_onset_disagree(>10)
E4_S02_A_FALL_STD_B_T010__aug1_sm_no.npz,E4_S02_A_FALL_STD_B_T010.csv,train,FALL_STD_B,2,4,1,small_normal,scale0.85129_warp0.99109_off0_snr25.92,0.99109,0.85129,25.92,0,100|300,108,110,2,1.0582,True,use,
E4_S02_A_FALL_STD_B_T010__aug2_sm_sl.npz,E4_S02_A_FALL_STD_B_T010.csv,train,FALL_STD_B,2,4,2,small_slow,scale0.76578_warp1.10691_off21_snr33.71,1.10691,0.76578,33.71,21,100|300,99,134,35,1.0685,False,pending,aug_onset_disagree(>10)
E4_S02_A_FALL_STD_F_T001__aug0_me_fa.npz,E4_S02_A_FALL_STD_F_T001.csv,train,FALL_STD_F,2,4,0,medium_fast,scale1.03018_warp0.89999_off0_snr28.93,0.89999,1.03018,28.93,0,100|300,128,137,9,1.0938,True,use,
E4_S02_A_FALL_STD_F_T001__aug2_me_sl.npz,E4_S02_A_FALL_STD_F_T001.csv,train,FALL_STD_F,2,4,2,medium_slow,scale0.9783_warp1.26539_off53_snr30.72,1.26539,0.9783,30.72,53,100|300,128,138,10,1.0921,True,use,
E4_S02_A_FALL_STD_F_T001__aug1_me_no.npz,E4_S02_A_FALL_STD_F_T001.csv,train,FALL_STD_F,2,4,1,medium_normal,scale0.98479_warp0.9809_off0_snr31.18,0.9809,0.98479,31.18,0,100|300,140,144,4,1.1168,True,use,
E4_S02_A_FALL_STD_F_T004__aug0_la_fa.npz,E4_S02_A_FALL_STD_F_T004.csv,train,FALL_STD_F,2,4,0,large_fast,scale1.1791_warp0.82251_off0_snr25.52,0.82251,1.1791,25.52,0,100|300,99,107,8,1.0552,True,use,
E4_S02_A_FALL_STD_F_T004__aug1_la_no.npz,E4_S02_A_FALL_STD_F_T004.csv,train,FALL_STD_F,2,4,1,large_normal,scale1.24033_warp1.02877_off5_snr28.05,1.02877,1.24033,28.05,5,100|300,119,104,-15,1.0832,False,pending,aug_onset_disagree(>5)
E4_S02_A_FALL_STD_F_T004__aug2_la_sl.npz,E4_S02_A_FALL_STD_F_T004.csv,train,FALL_STD_F,2,4,2,large_slow,scale1.15204_warp1.27428_off54_snr25.03,1.27428,1.15204,25.03,54,100|300,100,110,10,1.0514,True,use,
E4_S02_A_FALL_STD_F_T005__aug0_sm_fa.npz,E4_S02_A_FALL_STD_F_T005.csv,train,FALL_STD_F,2,4,0,small_fast,scale0.82033_warp0.77448_off0_snr26.73,0.77448,0.82033,26.73,0,100|300,93,136,43,1.0674,False,pending,aug_onset_disagree(>10)
E4_S02_A_FALL_STD_F_T005__aug1_sm_no.npz,E4_S02_A_FALL_STD_F_T005.csv,train,FALL_STD_F,2,4,1,small_normal,scale0.8439_warp1.04522_off9_snr29.33,1.04522,0.8439,29.33,9,100|300,117,130,13,1.0748,False,pending,aug_onset_disagree(>5)
E4_S02_A_FALL_STD_F_T005__aug2_sm_sl.npz,E4_S02_A_FALL_STD_F_T005.csv,train,FALL_STD_F,2,4,2,small_slow,scale0.87224_warp1.23926_off47_snr31.13,1.23926,0.87224,31.13,47,100|300,103,134,31,1.0615,False,pending,aug_onset_disagree(>10)
E4_S02_A_FALL_STD_F_T006__aug0_me_fa.npz,E4_S02_A_FALL_STD_F_T006.csv,train,FALL_STD_F,2,4,0,medium_fast,scale0.98235_warp0.86467_off0_snr34.74,0.86467,0.98235,34.74,0,100|300,180,149,-31,1.21,False,pending,aug_onset_disagree(>10)
E4_S02_A_FALL_STD_F_T006__aug1_me_no.npz,E4_S02_A_FALL_STD_F_T006.csv,train,FALL_STD_F,2,4,1,medium_normal,scale0.98346_warp1.02386_off4_snr26.94,1.02386,0.98346,26.94,4,100|300,210,103,-107,1.0787,False,pending,aug_onset_disagree(>5)
E4_S02_A_FALL_STD_F_T008__aug0_la_fa.npz,E4_S02_A_FALL_STD_F_T008.csv,train,FALL_STD_F,2,4,0,large_fast,scale1.27862_warp0.76892_off0_snr34.72,0.76892,1.27862,34.72,0,100|300,155,155,0,1.1103,True,use,
E4_S02_A_FALL_STD_F_T006__aug2_me_sl.npz,E4_S02_A_FALL_STD_F_T006.csv,train,FALL_STD_F,2,4,2,medium_slow,scale0.99711_warp1.21609_off43_snr34.43,1.21609,0.99711,34.43,43,100|300,211,128,-83,1.1666,False,pending,aug_onset_disagree(>10)
E4_S02_A_FALL_STD_F_T008__aug1_la_no.npz,E4_S02_A_FALL_STD_F_T008.csv,train,FALL_STD_F,2,4,1,large_normal,scale1.2527_warp0.95297_off0_snr30.28,0.95297,1.2527,30.28,0,100|300,192,194,2,1.0518,True,use,
E4_S02_A_FALL_STD_F_T008__aug2_la_sl.npz,E4_S02_A_FALL_STD_F_T008.csv,train,FALL_STD_F,2,4,2,large_slow,scale1.25592_warp1.19906_off39_snr30.39,1.19906,1.25592,30.39,39,100|300,203,143,-60,1.0421,False,pending,aug_onset_disagree(>10)
E4_S02_A_FALL_STD_F_T009__aug0_sm_fa.npz,E4_S02_A_FALL_STD_F_T009.csv,train,FALL_STD_F,2,4,0,small_fast,scale0.77111_warp0.76879_off0_snr30.05,0.76879,0.77111,30.05,0,100|300,81,103,22,1.0669,False,pending,aug_onset_disagree(>10)
E4_S02_A_FALL_STD_F_T009__aug2_sm_sl.npz,E4_S02_A_FALL_STD_F_T009.csv,train,FALL_STD_F,2,4,2,small_slow,scale0.86117_warp1.24612_off49_snr27.77,1.24612,0.86117,27.77,49,100|300,83,121,38,1.0394,False,pending,aug_onset_disagree(>10)
E4_S03_A_FALL_SIT_B_T001__aug0_me_fa.npz,E4_S03_A_FALL_SIT_B_T001.csv,train,FALL_SIT_B,3,4,0,medium_fast,scale0.96862_warp0.88123_off0_snr32.08,0.88123,0.96862,32.08,0,100|300,114,146,32,1.0765,False,pending,aug_onset_disagree(>10)
E4_S02_A_FALL_STD_F_T009__aug1_sm_no.npz,E4_S02_A_FALL_STD_F_T009.csv,train,FALL_STD_F,2,4,1,small_normal,scale0.79421_warp1.00489_off0_snr33.29,1.00489,0.79421,33.29,0,100|300,106,156,50,1.0863,False,pending,aug_onset_disagree(>5)
E4_S03_A_FALL_SIT_B_T001__aug1_me_no.npz,E4_S03_A_FALL_SIT_B_T001.csv,train,FALL_SIT_B,3,4,1,medium_normal,scale0.97836_warp1.04549_off9_snr26.36,1.04549,0.97836,26.36,9,100|300,127,126,-1,1.0811,True,use,
E4_S03_A_FALL_SIT_B_T003__aug0_la_fa.npz,E4_S03_A_FALL_SIT_B_T003.csv,train,FALL_SIT_B,3,4,0,large_fast,scale1.20562_warp0.86228_off0_snr33.45,0.86228,1.20562,33.45,0,100|300,113,114,1,1.0625,True,use,
E4_S03_A_FALL_SIT_B_T001__aug2_me_sl.npz,E4_S03_A_FALL_SIT_B_T001.csv,train,FALL_SIT_B,3,4,2,medium_slow,scale1.03051_warp1.29857_off59_snr31.58,1.29857,1.03051,31.58,59,100|300,110,155,45,1.0629,False,pending,aug_onset_disagree(>10)
E4_S03_A_FALL_SIT_B_T003__aug1_la_no.npz,E4_S03_A_FALL_SIT_B_T003.csv,train,FALL_SIT_B,3,4,1,large_normal,scale1.10148_warp0.97067_off0_snr25.78,0.97067,1.10148,25.78,0,100|300,127,128,1,1.0702,True,use,
E4_S03_A_FALL_SIT_B_T003__aug2_la_sl.npz,E4_S03_A_FALL_SIT_B_T003.csv,train,FALL_SIT_B,3,4,2,large_slow,scale1.22844_warp1.29058_off58_snr32.46,1.29058,1.22844,32.46,58,100|300,111,117,6,1.0557,True,use,
E4_S03_A_FALL_SIT_B_T006__aug0_sm_fa.npz,E4_S03_A_FALL_SIT_B_T006.csv,train,FALL_SIT_B,3,4,0,small_fast,scale0.79363_warp0.77827_off0_snr30.23,0.77827,0.79363,30.23,0,100|300,98,100,2,1.0718,True,use,
E4_S03_A_FALL_SIT_B_T006__aug1_sm_no.npz,E4_S03_A_FALL_SIT_B_T006.csv,train,FALL_SIT_B,3,4,1,small_normal,scale0.87528_warp0.96897_off0_snr34.88,0.96897,0.87528,34.88,0,100|300,122,121,-1,1.0961,True,use,
E4_S03_A_FALL_SIT_B_T006__aug2_sm_sl.npz,E4_S03_A_FALL_SIT_B_T006.csv,train,FALL_SIT_B,3,4,2,small_slow,scale0.84802_warp1.18545_off37_snr31.19,1.18545,0.84802,31.19,37,100|300,112,115,3,1.0891,True,use,
E4_S03_A_FALL_SIT_F_T001__aug0_me_fa.npz,E4_S03_A_FALL_SIT_F_T001.csv,train,FALL_SIT_F,3,4,0,medium_fast,scale0.9611_warp0.81656_off0_snr31.39,0.81656,0.9611,31.39,0,100|300,100,100,0,1.0613,True,use,
E4_S03_A_FALL_SIT_F_T001__aug1_me_no.npz,E4_S03_A_FALL_SIT_F_T001.csv,train,FALL_SIT_F,3,4,1,medium_normal,scale1.04377_warp1.02546_off5_snr31.99,1.02546,1.04377,31.99,5,100|300,121,119,-2,1.0727,True,use,
E4_S03_A_FALL_SIT_F_T001__aug2_me_sl.npz,E4_S03_A_FALL_SIT_F_T001.csv,train,FALL_SIT_F,3,4,2,medium_slow,scale1.03616_warp1.27175_off54_snr34.19,1.27175,1.03616,34.19,54,100|300,102,106,4,1.0494,True,use,
E4_S03_A_FALL_SIT_F_T002__aug0_la_fa.npz,E4_S03_A_FALL_SIT_F_T002.csv,train,FALL_SIT_F,3,4,0,large_fast,scale1.22191_warp0.86059_off0_snr30.49,0.86059,1.22191,30.49,0,100|300,194,130,-64,1.0567,False,pending,aug_onset_disagree(>10)
E4_S03_A_FALL_SIT_F_T002__aug1_la_no.npz,E4_S03_A_FALL_SIT_F_T002.csv,train,FALL_SIT_F,3,4,1,large_normal,scale1.23077_warp0.96283_off0_snr29.53,0.96283,1.23077,29.53,0,100|300,218,100,-118,1.0533,False,pending,aug_onset_disagree(>5)
E4_S03_A_FALL_SIT_F_T005__aug0_sm_fa.npz,E4_S03_A_FALL_SIT_F_T005.csv,train,FALL_SIT_F,3,4,0,small_fast,scale0.83071_warp0.86197_off0_snr33.25,0.86197,0.83071,33.25,0,100|300,139,140,1,1.074,True,use,
E4_S03_A_FALL_SIT_F_T002__aug2_la_sl.npz,E4_S03_A_FALL_SIT_F_T002.csv,train,FALL_SIT_F,3,4,2,large_slow,scale1.17001_warp1.14056_off28_snr30.37,1.14056,1.17001,30.37,28,100|300,230,197,-33,1.0431,False,pending,aug_onset_disagree(>10)
E4_S03_A_FALL_SIT_F_T005__aug2_sm_sl.npz,E4_S03_A_FALL_SIT_F_T005.csv,train,FALL_SIT_F,3,4,2,small_slow,scale0.84919_warp1.23526_off47_snr30.29,1.23526,0.84919,30.29,47,100|300,153,158,5,1.0663,True,use,
E4_S03_A_FALL_SIT_F_T005__aug1_sm_no.npz,E4_S03_A_FALL_SIT_F_T005.csv,train,FALL_SIT_F,3,4,1,small_normal,scale0.86025_warp1.01596_off3_snr25.28,1.01596,0.86025,25.28,3,100|300,161,163,2,1.0541,True,use,
E4_S03_A_FALL_SIT_F_T007__aug0_me_fa.npz,E4_S03_A_FALL_SIT_F_T007.csv,train,FALL_SIT_F,3,4,0,medium_fast,scale1.00188_warp0.87823_off0_snr33.58,0.87823,1.00188,33.58,0,100|300,97,112,15,1.0656,False,pending,aug_onset_disagree(>10)
E4_S03_A_FALL_SIT_F_T007__aug2_me_sl.npz,E4_S03_A_FALL_SIT_F_T007.csv,train,FALL_SIT_F,3,4,2,medium_slow,scale1.02815_warp1.26306_off52_snr25.43,1.26306,1.02815,25.43,52,100|300,88,101,13,1.0775,False,pending,aug_onset_disagree(>10)
E4_S03_A_FALL_SIT_F_T007__aug1_me_no.npz,E4_S03_A_FALL_SIT_F_T007.csv,train,FALL_SIT_F,3,4,1,medium_normal,scale0.98676_warp1.03487_off6_snr32.18,1.03487,0.98676,32.18,6,100|300,109,116,7,1.0757,False,pending,aug_onset_disagree(>5)
E4_S03_A_FALL_SIT_F_T008__aug0_la_fa.npz,E4_S03_A_FALL_SIT_F_T008.csv,train,FALL_SIT_F,3,4,0,large_fast,scale1.12988_warp0.77427_off0_snr32.91,0.77427,1.12988,32.91,0,100|300,143,144,1,1.0922,True,use,
E4_S03_A_FALL_SIT_F_T008__aug2_la_sl.npz,E4_S03_A_FALL_SIT_F_T008.csv,train,FALL_SIT_F,3,4,2,large_slow,scale1.14055_warp1.22424_off44_snr33.71,1.22424,1.14055,33.71,44,100|300,182,185,3,1.0623,True,use,
E4_S03_A_FALL_SIT_F_T008__aug1_la_no.npz,E4_S03_A_FALL_SIT_F_T008.csv,train,FALL_SIT_F,3,4,1,large_normal,scale1.22033_warp1.02011_off4_snr33.64,1.02011,1.22033,33.64,4,100|300,185,148,-37,1.1038,False,pending,aug_onset_disagree(>5)
E4_S03_A_FALL_SIT_F_T009__aug2_sm_sl.npz,E4_S03_A_FALL_SIT_F_T009.csv,train,FALL_SIT_F,3,4,2,small_slow,scale0.83028_warp1.12687_off25_snr30.42,1.12687,0.83028,30.42,25,100|300,119,138,19,1.0602,False,pending,aug_onset_disagree(>10)
E4_S03_A_FALL_SIT_F_T009__aug1_sm_no.npz,E4_S03_A_FALL_SIT_F_T009.csv,train,FALL_SIT_F,3,4,1,small_normal,scale0.75503_warp1.03075_off6_snr33.17,1.03075,0.75503,33.17,6,100|300,126,127,1,1.0954,True,use,
E4_S03_A_FALL_SIT_F_T009__aug0_sm_fa.npz,E4_S03_A_FALL_SIT_F_T009.csv,train,FALL_SIT_F,3,4,0,small_fast,scale0.82772_warp0.79609_off0_snr26.23,0.79609,0.82772,26.23,0,100|300,102,114,12,1.064,False,pending,aug_onset_disagree(>10)
E4_S03_A_FALL_STD_B_T002__aug0_me_fa.npz,E4_S03_A_FALL_STD_B_T002.csv,train,FALL_STD_B,3,4,0,medium_fast,scale1.0148_warp0.803_off0_snr33.44,0.803,1.0148,33.44,0,100|300,86,100,14,1.0906,False,pending,aug_onset_disagree(>10)
E4_S03_A_FALL_STD_B_T002__aug1_me_no.npz,E4_S03_A_FALL_STD_B_T002.csv,train,FALL_STD_B,3,4,1,medium_normal,scale0.99967_warp1.01296_off2_snr34.65,1.01296,0.99967,34.65,2,100|300,106,100,-6,1.0645,False,pending,aug_onset_disagree(>5)
E4_S03_A_FALL_STD_B_T003__aug1_la_no.npz,E4_S03_A_FALL_STD_B_T003.csv,train,FALL_STD_B,3,4,1,large_normal,scale1.22112_warp1.01553_off3_snr28.1,1.01553,1.22112,28.1,3,100|300,108,109,1,1.063,True,use,
E4_S03_A_FALL_STD_B_T003__aug0_la_fa.npz,E4_S03_A_FALL_STD_B_T003.csv,train,FALL_STD_B,3,4,0,large_fast,scale1.16868_warp0.79888_off0_snr30.99,0.79888,1.16868,30.99,0,100|300,87,100,13,1.0442,False,pending,aug_onset_disagree(>10)
E4_S03_A_FALL_STD_B_T002__aug2_me_sl.npz,E4_S03_A_FALL_STD_B_T002.csv,train,FALL_STD_B,3,4,2,medium_slow,scale1.04423_warp1.26973_off53_snr31.13,1.26973,1.04423,31.13,53,100|300,83,110,27,1.0554,False,pending,aug_onset_disagree(>10)
E4_S03_A_FALL_STD_B_T003__aug2_la_sl.npz,E4_S03_A_FALL_STD_B_T003.csv,train,FALL_STD_B,3,4,2,large_slow,scale1.18475_warp1.15394_off30_snr25.46,1.15394,1.18475,25.46,30,100|300,96,152,56,1.066,False,pending,aug_onset_disagree(>10)
E4_S03_A_FALL_STD_B_T005__aug0_sm_fa.npz,E4_S03_A_FALL_STD_B_T005.csv,train,FALL_STD_B,3,4,0,small_fast,scale0.89087_warp0.89627_off0_snr26.17,0.89627,0.89087,26.17,0,100|300,131,100,-31,1.0646,False,pending,aug_onset_disagree(>10)
E4_S03_A_FALL_STD_B_T005__aug1_sm_no.npz,E4_S03_A_FALL_STD_B_T005.csv,train,FALL_STD_B,3,4,1,small_normal,scale0.77723_warp1.01506_off3_snr34.38,1.01506,0.77723,34.38,3,100|300,145,145,0,1.0673,True,use,
E4_S03_A_FALL_STD_B_T005__aug2_sm_sl.npz,E4_S03_A_FALL_STD_B_T005.csv,train,FALL_STD_B,3,4,2,small_slow,scale0.80114_warp1.27455_off54_snr28.18,1.27455,0.80114,28.18,54,100|300,132,135,3,1.0539,True,use,
E4_S03_A_FALL_STD_B_T007__aug0_me_fa.npz,E4_S03_A_FALL_STD_B_T007.csv,train,FALL_STD_B,3,4,0,medium_fast,scale0.95532_warp0.80508_off0_snr32.85,0.80508,0.95532,32.85,0,100|300,96,183,87,1.0716,False,pending,aug_onset_disagree(>10)
E4_S03_A_FALL_STD_B_T007__aug1_me_no.npz,E4_S03_A_FALL_STD_B_T007.csv,train,FALL_STD_B,3,4,1,medium_normal,scale0.95511_warp1.02636_off5_snr33.2,1.02636,0.95511,33.2,5,100|300,117,117,0,1.1151,True,use,
E4_S03_A_FALL_STD_B_T008__aug0_la_fa.npz,E4_S03_A_FALL_STD_B_T008.csv,train,FALL_STD_B,3,4,0,large_fast,scale1.27388_warp0.87218_off0_snr25.3,0.87218,1.27388,25.3,0,100|300,113,113,0,1.0703,True,use,
E4_S03_A_FALL_STD_B_T007__aug2_me_sl.npz,E4_S03_A_FALL_STD_B_T007.csv,train,FALL_STD_B,3,4,2,medium_slow,scale1.00631_warp1.16297_off32_snr28.6,1.16297,1.00631,28.6,32,100|300,106,134,28,1.0686,False,pending,aug_onset_disagree(>10)
E4_S03_A_FALL_STD_B_T008__aug1_la_no.npz,E4_S03_A_FALL_STD_B_T008.csv,train,FALL_STD_B,3,4,1,large_normal,scale1.24089_warp1.04313_off8_snr26.97,1.04313,1.24089,26.97,8,100|300,128,127,-1,1.0949,True,use,
E4_S03_A_FALL_STD_B_T008__aug2_la_sl.npz,E4_S03_A_FALL_STD_B_T008.csv,train,FALL_STD_B,3,4,2,large_slow,scale1.25754_warp1.23132_off46_snr28.24,1.23132,1.25754,28.24,46,100|300,114,118,4,1.0367,True,use,
E4_S03_A_FALL_STD_B_T009__aug0_sm_fa.npz,E4_S03_A_FALL_STD_B_T009.csv,train,FALL_STD_B,3,4,0,small_fast,scale0.81757_warp0.77234_off0_snr31.92,0.77234,0.81757,31.92,0,100|300,82,100,18,1.1185,False,pending,aug_onset_disagree(>10)
E4_S03_A_FALL_STD_B_T009__aug1_sm_no.npz,E4_S03_A_FALL_STD_B_T009.csv,train,FALL_STD_B,3,4,1,small_normal,scale0.80539_warp0.95913_off0_snr32.3,0.95913,0.80539,32.3,0,100|300,102,116,14,1.0571,False,pending,aug_onset_disagree(>5)
E4_S03_A_FALL_STD_B_T009__aug2_sm_sl.npz,E4_S03_A_FALL_STD_B_T009.csv,train,FALL_STD_B,3,4,2,small_slow,scale0.86167_warp1.2925_off58_snr26.86,1.2925,0.86167,26.86,58,100|300,80,101,21,1.0611,False,pending,aug_onset_disagree(>10)
E4_S03_A_FALL_STD_B_T010__aug1_me_no.npz,E4_S03_A_FALL_STD_B_T010.csv,train,FALL_STD_B,3,4,1,medium_normal,scale1.0233_warp0.9972_off0_snr32.92,0.9972,1.0233,32.92,0,100|300,105,152,47,1.0741,False,pending,aug_onset_disagree(>5)
E4_S03_A_FALL_STD_B_T010__aug0_me_fa.npz,E4_S03_A_FALL_STD_B_T010.csv,train,FALL_STD_B,3,4,0,medium_fast,scale1.01395_warp0.87492_off0_snr30.16,0.87492,1.01395,30.16,0,100|300,92,133,41,1.0677,False,pending,aug_onset_disagree(>10)
E4_S03_A_FALL_STD_F_T002__aug0_la_fa.npz,E4_S03_A_FALL_STD_F_T002.csv,train,FALL_STD_F,3,4,0,large_fast,scale1.14391_warp0.83537_off0_snr27.17,0.83537,1.14391,27.17,0,100|300,98,103,5,1.1019,True,use,
E4_S03_A_FALL_STD_B_T010__aug2_me_sl.npz,E4_S03_A_FALL_STD_B_T010.csv,train,FALL_STD_B,3,4,2,medium_slow,scale1.02064_warp1.14293_off28_snr28.85,1.14293,1.02064,28.85,28,100|300,93,147,54,1.0666,False,pending,aug_onset_disagree(>10)
E4_S03_A_FALL_STD_F_T002__aug1_la_no.npz,E4_S03_A_FALL_STD_F_T002.csv,train,FALL_STD_F,3,4,1,large_normal,scale1.11476_warp1.04465_off8_snr29.22,1.04465,1.11476,29.22,8,100|300,114,100,-14,1.0931,False,pending,aug_onset_disagree(>5)
E4_S03_A_FALL_STD_F_T003__aug0_sm_fa.npz,E4_S03_A_FALL_STD_F_T003.csv,train,FALL_STD_F,3,4,0,small_fast,scale0.7917_warp0.85562_off0_snr31.95,0.85562,0.7917,31.95,0,100|300,109,109,0,1.0607,True,use,
E4_S03_A_FALL_STD_F_T002__aug2_la_sl.npz,E4_S03_A_FALL_STD_F_T002.csv,train,FALL_STD_F,3,4,2,large_slow,scale1.26909_warp1.25004_off50_snr26.45,1.25004,1.26909,26.45,50,100|300,96,102,6,1.0906,True,use,
E4_S03_A_FALL_STD_F_T003__aug1_sm_no.npz,E4_S03_A_FALL_STD_F_T003.csv,train,FALL_STD_F,3,4,1,small_normal,scale0.87377_warp1.04488_off8_snr34.99,1.04488,0.87377,34.99,8,100|300,124,144,20,1.0772,False,pending,aug_onset_disagree(>5)
E4_S03_A_FALL_STD_F_T003__aug2_sm_sl.npz,E4_S03_A_FALL_STD_F_T003.csv,train,FALL_STD_F,3,4,2,small_slow,scale0.81846_warp1.18304_off36_snr33.5,1.18304,0.81846,33.5,36,100|300,114,137,23,1.0673,False,pending,aug_onset_disagree(>10)
E4_S03_A_FALL_STD_F_T004__aug0_me_fa.npz,E4_S03_A_FALL_STD_F_T004.csv,train,FALL_STD_F,3,4,0,medium_fast,scale0.9703_warp0.89477_off0_snr27.73,0.89477,0.9703,27.73,0,100|300,146,105,-41,1.0852,False,pending,aug_onset_disagree(>10)
E4_S03_A_FALL_STD_F_T004__aug1_me_no.npz,E4_S03_A_FALL_STD_F_T004.csv,train,FALL_STD_F,3,4,1,medium_normal,scale0.96874_warp1.04982_off9_snr26.06,1.04982,0.96874,26.06,9,100|300,163,118,-45,1.0581,False,pending,aug_onset_disagree(>5)
E4_S03_A_FALL_STD_F_T005__aug0_la_fa.npz,E4_S03_A_FALL_STD_F_T005.csv,train,FALL_STD_F,3,4,0,large_fast,scale1.20781_warp0.79645_off0_snr29.6,0.79645,1.20781,29.6,0,100|300,99,107,8,1.0628,True,use,
E4_S03_A_FALL_STD_F_T004__aug2_me_sl.npz,E4_S03_A_FALL_STD_F_T004.csv,train,FALL_STD_F,3,4,2,medium_slow,scale1.02078_warp1.19885_off39_snr34.53,1.19885,1.02078,34.53,39,100|300,157,114,-43,1.1053,False,pending,aug_onset_disagree(>10)
E4_S03_A_FALL_STD_F_T005__aug1_la_no.npz,E4_S03_A_FALL_STD_F_T005.csv,train,FALL_STD_F,3,4,1,large_normal,scale1.27161_warp0.95167_off0_snr29.75,0.95167,1.27161,29.75,0,100|300,118,130,12,1.0535,False,pending,aug_onset_disagree(>5)
E4_S03_A_FALL_STD_F_T005__aug2_la_sl.npz,E4_S03_A_FALL_STD_F_T005.csv,train,FALL_STD_F,3,4,2,large_slow,scale1.13336_warp1.17377_off34_snr27.1,1.17377,1.13336,27.1,34,100|300,111,125,14,1.0589,False,pending,aug_onset_disagree(>10)
E4_S03_A_FALL_STD_F_T007__aug0_sm_fa.npz,E4_S03_A_FALL_STD_F_T007.csv,train,FALL_STD_F,3,4,0,small_fast,scale0.83325_warp0.75389_off0_snr26.32,0.75389,0.83325,26.32,0,100|300,92,114,22,1.093,False,pending,aug_onset_disagree(>10)
E4_S03_A_FALL_STD_F_T007__aug1_sm_no.npz,E4_S03_A_FALL_STD_F_T007.csv,train,FALL_STD_F,3,4,1,small_normal,scale0.81305_warp1.01222_off2_snr26.56,1.01222,0.81305,26.56,2,100|300,121,111,-10,1.0746,False,pending,aug_onset_disagree(>5)
E4_S03_A_FALL_STD_F_T010__aug0_me_fa.npz,E4_S03_A_FALL_STD_F_T010.csv,train,FALL_STD_F,3,4,0,medium_fast,scale0.96717_warp0.81775_off0_snr32.76,0.81775,0.96717,32.76,0,100|300,97,109,12,1.0714,False,pending,aug_onset_disagree(>10)
E4_S03_A_FALL_STD_F_T007__aug2_sm_sl.npz,E4_S03_A_FALL_STD_F_T007.csv,train,FALL_STD_F,3,4,2,small_slow,scale0.87726_warp1.17216_off34_snr31.4,1.17216,0.87726,31.4,34,100|300,109,112,3,1.0553,True,use,
E4_S03_A_FALL_STD_F_T010__aug1_me_no.npz,E4_S03_A_FALL_STD_F_T010.csv,train,FALL_STD_F,3,4,1,medium_normal,scale1.00778_warp1.03276_off6_snr31.19,1.03276,1.00778,31.19,6,100|300,117,114,-3,1.083,True,use,
E4_S03_A_FALL_STD_F_T010__aug2_me_sl.npz,E4_S03_A_FALL_STD_F_T010.csv,train,FALL_STD_F,3,4,2,medium_slow,scale1.01016_warp1.19588_off39_snr33.22,1.19588,1.01016,33.22,39,100|300,103,124,21,1.0625,False,pending,aug_onset_disagree(>10)
